서울덕수초등학교,서울시 중구 퇴계로22길 17,02-735-7225
개명초등학교,서울시 구로구 개봉로1다길 16-9,02-2684-5117
숙명 여자 고등학교,서울시 강남구 남부순환로 2807,02-3462-5011
신봉초등학교,서울시 관악구 양녕로6나길 1,02-871-9616
신림고등학교,서울시 관악구 문성로 119,070-8611-9000
창동자동차운전전문학원,서울시 도봉구 도봉로136길 61,02-907-7744
상명고등학교,서울시 노원구 덕릉로 553,02-971-6211
신가초등학교,서울시 송파구 송이로 75,02-401-4677
매원초등학교,서울시 성북구 북악산로  870,02-922-6052
이보영영어학원,서울시 양천구 등촌로 192,02-2645-0593
E-Park에듀센터,서울시 중랑구 신내로  71,02-3423-0579
중대부속중학교,서울시 동작구 서달로 124,02-815-0142
금옥여자고등학교,서울시 양천구 신정로 213,02-2086-7507
전곡초등학교,서울시 동대문구 전농로 172,02-2242-6548
이튼학원,서울시 노원구 중계로 217,02-931-3303
기성학원,서울시 중랑구 신내로 62,
한앎학원,서울시 은평구 연서로 161,
정원유치원(제이엠어학원으로변경),서울시 송파구 백제고분로 36길-28,02-416-4003
열강학원,서울시 양천구 신목로 34,02-2655-0603
신당2동주민센터,서울시 중구 동호로15길 50,02-3396-6740
용산구청,서울시 용산구 녹사평대로 150,02-2199-6114
마리오타워,서울시 구로구 디지털로30길 28,02-853-8063
휘경공업고등학교,서울시 동대문구 겸재로 21,02-2216-3643
누원고,서울시 도봉구 마들로 849,02-3492-7594
목원초등학교,서울시 양천구 목동중앙로 204,02-2643-5771
용문 상담심리대학원,서울시 종로구 율곡로 154,02-763-7448
뉴타운장례식장,서울시 성북구 종암로 199,02-909-4444
방학3동주민센터,서울시 도봉구 시루봉로   94,02-2289-1507
디지털엠파이어,서울시 금천구 범안로  1130,
세곡초등학교,서울시 구로구 고척로33길 34,02-2613-5276
SJ 테크노빌,서울시 금천구 벚꽃로  278,
서대문구청,서울시 서대문구 연희로 248,02-330-1114
신한이노플렉스,서울시 금천구 가산디지털1로  149,
경찰청사,서울시 서대문구 통일로  97,
RID ENGLISH ACADEMY,서울시 강남구 도곡로 157,02-571-2185
노곡중,서울시 도봉구 노해로70길 95,02-996-5232
면북초등학교,서울시 중랑구 용마공원로5길 32,02-433-3338
강북우체국,서울시 강북구 솔매로50길 55,02-989-4770
배명중고등학교,서울시 송파구 삼학사로 11,02-414-5820
용산고등학교,서울시 용산구 두텁바위로 60,02-3706-6700
한남초등학교,서울시 용산구 한남대로 112,02-749-2371
미림학원(미림전산고교),서울시 관악구 호암로  546,02-872-4072
한빛맹학교,서울시 강북구 삼양로73가길 47,02-989-9135
교남학교,서울시 강서구 까치산로22길 38,02-2607-2456
예일유치원,서울시 강서구 강서로47길 126,02-2667-6767
연세대학교 첨단과학기술연구관,서울시 서대문구 연세로 50,02-1599-1885
서울홍은초등학교,서울시 서대문구 세검정로  105,02-391-2196
성동초등학교,서울시 광진구 자양로4길 63,02-447-2642
이대목동병원 병원동,서울시 양천구 안양천로 1071,02-2650-5114
미즈메디병원,서울시 강서구 강서로47가길  19,02-1588-2701
노원고등학교,서울시 노원구 노원로 586,02-937-0078
나누리병원,서울시 강서구 가로공원로  187,02-1688-9797
길동노인요양병원(동화빌딩 45층),서울시 강동구 천호대로  1165,02-483-6400
창1동치안센터,서울시 도봉구 해등로 45,
한성여자중학교,서울시 성북구 삼선교로16길  116,02-742-2542
양천고등학교,서울시 양천구 신정로14길 13,02-2605-5997
현대고등학교,서울시 강남구 압구정로 127,02-546-6323
서울공업고등학교,서울시 동작구 대방동1길 46,070-8640-3125
정상어학원,서울시 송파구 양재대로71길 1-14,02-417-0880
서울안산초등학교,서울시 서대문구 통일로 321,02-737-4265
서울연가초등학교,서울시 서대문구 증가로12가길 49-50,02-372-3044
송파공업고등학교,서울시 송파구 양산로 21,02-6711-0595
서울외국어고,서울시 도봉구 덕릉로66길 22,1670-1005
진관중학교,서울시 은평구 진관4로  36,02-383-5379
한국마사회창동지점,서울시 도봉구 노해로67길  14,
목동웨딩의전당,서울시 양천구 국회대로 272,
용신동주민센터,서울시 동대문구 천호대로37길 35,02-2171-6022
신수동복합청사,서울시 마포구 독막로 192,02-3153-6680
창광교회,서울시 서대문구 연세로2길 69,
마리오-2 패션타워,서울시 금천구 디지털로9길 23,02-2109-7000
에이스하이엔드타워5차,서울시 금천구 가산디지털1로  226,
강동청소년수련관,서울시 강동구 아리수로93길 47,02-6252-1300
청소년수련관,서울시 강서구 곰달래로57가길  26,02-2061-1318
메가벤처타워,서울시 영등포구 문래로20길   60,02-2632-4438
아연디지털타워,서울시 성동구 성수일로6길 33,
이화여자대학교 E.C.C(이화캠퍼스밸리),서울시 서대문구 이화여대길 52,02-3277-2114
선일이비즈니스고등학교,서울시 은평구 갈현로29길 27,02-352-8025
롯대백화점어린이집,서울시 종로구 북촌로5길 11,02-3674-5004
홍익어린이집,서울시 양천구 지양로9길 5,02-2607-4523
서울제일대학원대학교,서울시 강북구 인수봉로 225,02-994-8311
광희중학교,서울시 성동구 독서당로62길 46,02-2298-0250
신명중학교,서울시 강동구 명일로24길 33,02-477-9589
노드 잉글리아 에듀케이션 코리아,서울시 강남구 압구정로80길 31,
키스톤어린이집,서울시 용산구 원효로35길  37-7,
강남초등학교,서울시 동작구 강남초등길 15,02-824-4471
성신여대운정캠퍼스,서울시 강북구 도봉로76가길 55,02-920-7870
미양초등학교,서울시 강북구 솔샘로 195,02-989-9467
LG U+(KIDC),서울시 강남구 언주로 616,
상지초등학교,서울시 마포구 월드컵로42길  30,02-303-9009
망우초등학교,서울시 중랑구 망우로72길 49,02-2209-6323
연촌초등학교,서울시 노원구 공릉로58길 36,02-972-1676
서울 대방초등학교,서울시 영등포구 여의대방로35길 14,02-833-0083
재현중학교,서울시 노원구 덕릉로82길 64,02-932-4816
북서울중,서울시 도봉구 도봉로169가길 33,02-956-1004
새락골어린이공원화장실,서울시 은평구 은평로3가길 34,
가락1동주민센터,서울시 송파구 송파대로 35,02-2147-4450
동대문문화회관,서울시 동대문구 답십리로  210-9,02-2241-9300
응암3동주민센터,서울시 은평구 불광천길 410-17,02-351-5272
휘경문화웨딩원,서울시 동대문구 망우로 123,
시흥4동 청사,서울시 금천구 독산로36길 14,02-2627-2519
성내지구대,서울시 강동구 성내로 33,02-478-0880
공중화장실,서울시 도봉구 시루봉로6길 33,
둔촌1동 주민센터,서울시 강동구 양재대로84길 31,02-3425-7880
장위지구대,서울시 성북구 화랑로19길 83,02-915-1608
서울놀이마당,서울시 송파구 잠실동 47번지,
서울시도서관 (옛 서울청사),서울시 중구 태평로1가 31,
송파2동주민센터,서울시 송파구 송이로 32,02-2147-4330
시소모타워(강남물방울치과),서울시 강남구 삼성로 548,02-3288-4422/4433
모커리 병원(물리치료실),서울시 강남구 도곡로 218,02-1577-2575
유디 치과의원(현정빌딩),서울시 강남구 테헤란로 332,
서울보훈병원,서울시 강동구 진황도로61길  53,02-2225-1111
파워스빌딩(린산부인과),서울시 동대문구 답십리로 266,02-2244-1212
을지병원(의료동),서울시 노원구 공릉로 327,
하이마트,서울시 성동구 천호대로 356,02-2249-8880
홈플러스 가양점,서울시 강서구 양천로  431,02-2063-2080
첫단추조산원,서울시 성북구 동소문로  48,
새빛요양병원(윤빌딩),서울시 강서구 화곡로61길 109,02-2658-3929
이마트 묵동점,서울시 중랑구 동일로 932,02-2083-1234
국민대경상관,서울시 성북구 정릉로 77,02-910-4511
방송통신대,서울시 성동구 아차산로 12,02-460-6777
예일어린이집,서울시 은평구 은평로6길  11,02-358-7020
재미솔솔어린이집,서울시 송파구 동남로24길 9,02-403-3889
꾸러기어린이집,서울시 관악구 문성로 242,02-864-6636
휘문 고등학교,서울시 강남구 역삼로 541,070-7090-0300
소리의원@강서점,서울시 강서구 강서로  215-1,02-1600-7592
서울대학교해동학술관,서울시 관악구 관악로  1,
창천초등학교,서울시 마포구 백범로1길 56,02-715-4667
창일중,서울시 도봉구 노해로66길 60,02-994-5934
서울정진학교,서울시 구로구 부일로9길  158,02-2688-1303
구립천호어린이집,서울시 강동구 천중로35길 60,02-483-1439
동천학교,서울시 노원구 노원로18길 41,02-974-9575
경기기계공업고등학교,서울시 노원구 공릉로 264,070-7602-1608
개웅초등학교,서울시 구로구 개봉로11길 98,02-2683-1291
김홍일내과,서울시 금천구 시흥대로 202,
신길초등학교,서울시 동작구 알마타길 16,02-815-3741
대조동 주민센터,서울시 은평구 연서로20길 24-3,02-351-5182
고덕 우체국,서울시 강동구 고덕로 362,02-426-0004
삼육초등학교,서울시 동대문구 회기로10길  63,02-960-7262
경신중학교,서울시 종로구 혜화로 74,02-762-0390
미래산업고등학교,서울시 노원구 덕릉로82길 54,070-7600-9701
방배2동주민센터,서울시 서초구 청두곶길 36,02-2155-7771
조원동복합청사,서울시 관악구 조원로12길 25,02-879-4561
서울금천우체국,서울시 금천구 시흥대로 410,02-861-4403
대륭포스트타워6차,서울시 금천구 벚꽃로  298,02-839-3999
BYC HIGHCITY,서울시 금천구 가산디지털1로  131,02-840-3210
이노플렉스-I,서울시 금천구 가산디지털1로 151,02-373-4001
방학2동주민센터,서울시 도봉구 시루봉로   226,02-2289-1506
강서구청,서울시 강서구 화곡로 302,02-2600-6114
동작경찰서,서울시 동작구 노량진로 148,02-822-0112
은평구립도서관,서울시 은평구 통일로78가길 13-84,02-385-1671
휘경중학교,서울시 동대문구 망우로18나길 20,02-2244-1359
금천구립정보도서관,서울시 금천구 독산로54길 114,02-837-4569
진형중고등학교,서울시 종로구 종로 386,02-2235-0001
노원정보도서관,서울시 노원구 노원로34길 43,02-950-0050
박정희 대통령 기념 도서관 ,서울시 마포구 월드컵로 386,02-716-9345
서울사대부속중학교,서울시 성북구 월곡로 6,02-943-5812
경희대학교 의과대학동서신의학병원,서울시 강동구 동남로 892,02-1577-5800
강남성심병원별관,서울시 영등포구 신길로 19-2,
서부수도사업소,서울시 마포구 환일길  13,02-3146-3500
종로구청,서울시 종로구 삼봉로 43,02-2148-1114
대림초등학교,서울시 동작구 대방동1길 22,02-822-1984
서울 참병원,서울시 영등포구 양평로22사길 9,02-2634-7000
동성어린이집,서울시 강북구 솔매로 93,
중곡제3동주민센터,서울시 광진구 동일로76나길 31,02-450-1503
마포경찰서,서울시 마포구 마포대로  183,02-393-0112
양정고등학교,서울시 양천구 안양천로 1039,02-2649-7071
성아어린이집,서울시 관악구 난곡로22길 23,02-857-5335
사임당어린이집,서울시 성북구 지봉로20길  38,02-929-6605
목운중학교,서울시 양천구 목동동로 235,02-2651-4060
세빛어린이집,서울시 강동구 올림픽로88길 8,02-472-0532
광진구청제1별관,서울시 광진구 자양로 117,
동명여자고등학교,서울시 은평구 통일로  793,02-385-0655
신성초등학교,서울시 관악구 신림로 114,02-875-7611
번2동주민센터,서울시 강북구 한천로 897,02-901-2074
피카소어린이집,서울시 중랑구 동일로123길 42-7,
가산동복합청사,서울시 금천구 가산로  129,
홈플러스 중계점,서울시 노원구 동일로204가길 12,02-986-2080
중앙학술정보관,서울시 종로구 성균관로 25-2,02-760-0099
은하수어린이집,서울시 관악구 은천로25길 33,070-4132-3739
망우청소년수련관,서울시 중랑구 송림길 156,02-492-7942
세종어린이집,서울시 송파구 가락로39길 6,02-413-5278
동양어린이집,서울시 강북구 오현로25다길 72,02-980-3891
성북청소년수련관,서울시 성북구 한천로95길  7,02-3292-1318
앨리스어린이집,서울시 강동구 고덕로20가길 21,02-3427-3347
서울대슬로싱실험동,서울시 관악구 관악로  1,
성공회대학교,서울시 구로구 연동로  320,02-2610-4114
사임당어린이집,서울시 성북구 화랑로42길 52-10,
나누리병원,서울시 강남구 언주로 731,02-1688-9797
숭실대전산센터,서울시 동작구 사당로 46,02-820-0114
연천초등학교,서울시 은평구 연서로34길 22,02-357-3911
여의도중학교,서울시 영등포구 국제금융로7길 46,02-782-0801
경인초등학교,서울시 양천구 안양천로 1009,02-2647-2568
구로초등학교,서울시 구로구 구로중앙로27나길 21,02-861-1941
서울대사회과학동,서울시 관악구 관악로  1,02-880-5114
성사중학교,서울시 마포구 모래내로9길 16,02-373-8002
인수중학교,서울시 강북구 인수봉로 75-10,02-900-7801
중대부속초등학교,서울시 동작구 흑석로 47,02-815-0145
방배우체국,서울시 서초구 방배로 238,02-534-6222 
백상어린이집,서울시 관악구 신림로28길 18,02-883-3803
녹번동 어린이집 신축(도담어린이집),서울시 은평구 진흥로  128-5,02-357-6555
중앙대학교(약과대학),서울시 동작구 흑석로6길 61,02-820-5592
서울대학교기초과학동(22동),서울시 관악구 관악로 1,02-880-5114
청소년수련관,서울시 은평구 백련산로4길 16,02-383-9966
서울대대림국제관,서울시 관악구 관악로  1,
샘소슬어린이집,서울시 구로구 부일로17길 5,02-2688-2936
사임당어린이집,서울시 송파구 백제고분로11길 14-14,02-416-6126
하람터어린이집,서울시 강서구 강서로17다길 15-14,02-2603-2225
케이투코리아,서울시 성동구 아차산로11가길  3,1644-7781
방배본동주민센터,서울시 서초구 동광로19길  38,02-2155-7711
코오롱디지털타워,서울시 영등포구 양평로22길 21,
노원전화국,서울시 노원구 노해로 502,080-258-1044
솔버스 아파트형공장,서울시 영등포구 선유서로31길 3,
참포도나무병원,서울시 서초구 바우뫼로35길 32,02-1588-0831
인화재활병원,서울시 양천구 신월로 156,02-2696-0119
을지병원(본관동),서울시 노원구 한글비석로 68,02-1899-0001
현대백화점 압구정점,서울시 강남구 압구정로 165,02-547-2233
응봉동주민센터,서울시 성동구 독서당로 424,02-2286-7321
대일관광디자인고,서울시 성북구 서경로  118,02-940-7373
제일 정형외과 병원,서울시 강남구 테헤란로 332,02-501-6868
구로고대부속병원장례식장,서울시 구로구 가마산로 218,02-818-6444
도봉병원&lt;본관&gt;,서울시 도봉구 도봉로 720,02-3492-3250
정릉2동주민센터,서울시 성북구 정릉로26길 1,02-917-6603
오금중학교,서울시 송파구 오금로35길 20,02-402-4777
서울적십자병원(장례식장),서울시 종로구 새문안로 9,02-2002-8444
송파경찰서,서울시 송파구 중대로 221,1566-0112
서울 영동 우체국,서울시 강남구 언주로 721,02-515-0411
순천향대학교병원(교수연구동),서울시 용산구 대사관로 59,02-709-9114
관악중학교,서울시 관악구 남부순환로237길 60,02-889-1782
우리어린이집,서울시 강동구 구천면로 259-1,02-475-1918
새롬미술어린이집,서울시 은평구 증산로5길 10,
연광초등학교,서울시 은평구 연서로35길  37,02-353-5141
동덕여대인덕관,서울시 성북구 화랑로13길 59,02-940-4000
연세대학교 GS칼텍스산학협력관,서울시 서대문구 연세로  50,1599-1885
공연초등학교,서울시 노원구 동일로192나길 16-15,02-977-4121
마장초등학교,서울시 성동구 마장로35나길  31,02-2292-1834
용암초등학교,서울시 용산구 녹사평대로60길  39,02-796-0456
신원초등학교,서울시 양천구 남부순환로58길 32,02-2608-4675
동신중학교,서울시 강동구 진황도로 72,02-3784-3938
매동초등학교,서울시 종로구 사직로9길 19,02-737-4263
옥정초등학교,서울시 성동구 한림말길  43,02-2297-0148
신창중학교,서울시 노원구 월계로45길 92,02-904-4206
서울 대영중학교,서울시 영등포구 도림로80가길  14,02-848-7781
당산중학교,서울시 영등포구 버드나루로  160,02-2177-9900
힘찬병원,서울시 강서구 강서로56길  38,02-1577-9229
신동아프라자&lt;신세계음악학원&gt;,서울시 도봉구 방학로  223,02-954-2987
화곡중학교,서울시 강서구 강서로45길 70,070-8644-6509
강서초등학교,서울시 양천구 오목로 31,02-2604-9763
서울원효초등학교,서울시 용산구 효창원로13길  38,02-716-4424
고명중학교,서울시 성북구 북악산로 870,02-926-2837
서강대학교 토마스 모어관(고시동) ,서울시 마포구 백범로  35,02-705-8114
서울대학교 두산인문관,서울시 관악구 관악로  1,
진학학원,서울시 금천구 시흥대로 208,02-809-4646
연세대학교 학생회관,서울시 서대문구 연세로 50,02-1599-1885
동원중학교,서울시 중랑구 양원역로 32,02-493-8129
오봉초,서울시 도봉구 시루봉로 285,02-3492-8613
등원초등학교,서울시 강서구 화곡로65길 90,02-2658-2233
영도초등학교,서울시 양천구 목동중앙로 70,02-2647-2387
대선 APEX CENTER,서울시 성동구 아차산로7나길  18,080-959-5100
한국장애인공단 서울지사,서울시 종로구 인사동길 12,02-6320-7000
양재자동차학원,서울시 서초구 남부순환로342길 62-26,02-501-1682
CBS방송국,서울시 양천구 목동서로 159-1,02-2650-7000
영등포고등학교,서울시 동작구 등용로8길 5,02-816-8324
세종C&amp;P,서울시 성동구 아차산로 138,02-467-5041
태양물산주식회사,서울시 구로구 디지털로31길 12,
총신대학교,서울시 동작구 사당로 143,02-3479-0200
상원중학교,서울시 노원구 수락산로 182,02-930-0761
신현고등학교,서울시 중랑구 봉화산로 174,02-3422-2715
서경대평생교육원(M동),서울시 성북구 서경로 124,02-940-7070
서울과학종합대학원대학교,서울시 서대문구 이화여대2길 46,070-7012-2700
강서유치원,서울시 강서구 까치산로18길 7-19,
성서중학교,서울시 마포구 성산로4길  42,02-337-6650
중앙대학교 공연 영상예술원,서울시 종로구 이화장길  86-8,02-3676-0777
세종대학교학생회관,서울시 광진구 동일로44길 9,02-3408-3114
선유고등학교,서울시 영등포구 선유로 227,02-2069-0036
국민건강보험강북지사,서울시 강북구 솔매로50길 43,1577-1000
구로구청,서울시 구로구 가마산로 245,02-860-2114
창5동주민센터,서울시 도봉구 도봉로136나길 20,02-2091-5892
알에스엠타워,서울시 금천구 가산디지털2로  30,
서울연지초등학교,서울시 노원구 월계로55길 48,02-979-8091
홍익대학교 삼개 예술의 집 ,서울시 마포구 와우산로 94,02-320-1114
염강초등학교,서울시 강서구 허준로  221-22,02-2659-4984
상암고등학교,서울시 마포구 월드컵북로 445,02-373-0041
염창중학교,서울시 강서구 양천로67가길 83,02-3664-2885
신화초,서울시 도봉구 우이천로 120,02-992-9031
아현중학교,서울시 마포구 마포대로 197,02-363-1813
수도전기공업고등학교,서울시 강남구 개포로 410,070-4673-9907
광운초등학교,서울시 성북구 한천로 693,02-915-7312
김상하수학학원 ,서울시 중랑구 망우로 410,02-495-6555
상명중학교,서울시 노원구 덕릉로 553,02-971-9211
등현초등학교,서울시 강서구 화곡로65길  124,02-2658-7851
영락고등학교,서울시 관악구 청룡16길 25,02-886-5611
건원초등학교,서울시 송파구 양산로2길 26,02-3401-3906
상암초등학교,서울시 마포구 월드컵북로  353,02-375-8891
삼양초등학교,서울시 강북구 삼양로 49-17,02-987-8321
송곡여자고등학교 ,서울시 중랑구 양원역로  50,02-434-4598
영일고등학교,서울시 강서구 등촌로51가길 26,02-2653-8134
수유초등학교,서울시 강북구 삼양로 74-39,02-989-3724
코오롱싸이언스벨리1차,서울시 구로구 디지털로34길 43,02-2025-4582
JNK디지털타워,서울시 구로구 디지털로26길 111,02-6124-6114
영재어린이집,서울시 중랑구 상봉로11길 44-7,
한강성심병원,서울시 영등포구 버드나루로  55,02-2639-5114
홍익어린이집,서울시 은평구 은평터널로7길 3,
SBS공개홀,서울시 강서구 양천로  442,
상암중학교,서울시 마포구 상암산로1길 26,02-375-5300
한산중학교,서울시 강동구 풍성로 251,02-482-2157
중랑노인전문요양원,서울시 중랑구 양원역로 38,02-437-0144
공진중학교,서울시 강서구 양천로55길 56,02-3665-8673
우이새길병원,서울시 도봉구 삼양로  610,02-1577-1173
안강병원,서울시 강남구 논현로 323,02-1899-3210
세현고등학교,서울시 강서구 허준로  227,02-3663-1495
구로여자정보산업고등학교,서울시 구로구 오리로21길 2,02-2688-3515
경서중학교,서울시 강서구 양천로59길  31,02-2668-0304
국민연금관리공단,서울시 송파구 올림픽로35다길 13,1355
예일어린이집,서울시 광진구 자양로47길 11,02-452-7639
세일학원,서울시 노원구 상계로1길 34,02-932-3131
백토공원화장실,서울시 송파구 양재대로72길 47-8,
도림동주민센터,서울시 영등포구 도영로7길  10,02-2670-1454
아카데미웨딩홀,서울시 동작구 보라매로5가길 16,
에이스정형외과,서울시 강서구 화곡로  136,02-2601-1100
삼성도서관,서울시 강남구 봉은사로  616,02-568-9984
화곡4동주민자치센터,서울시 강서구 곰달래로57가길  26,02-2600-7635
대광중고등학교,서울시 동대문구 안암로 6,02-940-2212
아주디지털타워,서울시 성동구 아차산로5길  7,02-499-2323
국세청,서울시 종로구 종로5길 86,126
서라벌고등학교,서울시 노원구 한글비석로5길 18,02-2092-2274
송곡여자관광고등학교 ,서울시 중랑구 양원역로 50,02-432-1837
이앤씨드림타워,서울시 영등포구 선유로  146,02-2628-5090
진관고등학교,서울시 은평구 진관4로 26,02-358-0782
모커리한방병원,서울시 강남구 도곡로 216,02-1577-2575
21세기병원,서울시 서초구 서초중앙로  39,02-3477-0880
포근한노인전문 병원,서울시 강북구 도봉로 266,02-986-9988
욱현하이브(요양병원),서울시 노원구 노원로 246,02-949-3800
방배경찰서,서울시 서초구 방배천로 54,182
파트너스타워1,서울시 금천구 가산디지털1로  83,
서울병원,서울시 송파구 오금로36길 290,02-405-8501~6
하이마트 구로점,서울시 구로구 가마산로 277,02-861-6677
이마트 은평점,서울시 은평구 은평로 111,02-380-1234
강서농수산물도매시장,서울시 강서구 발산로  40,02-2640-8080
와우쇼핑몰,서울시 노원구 노해로 507,
워릭영어학원,서울시 송파구 위례성대로12길 13,02-423-5690
경기 여자고등학교,서울시 강남구 삼성로 29,02-573-6796
KT서초지사,서울시 서초구 효령로 176,080-258-1024
관악방송HCN동작방송,서울시 관악구 봉천로 386,1877-8080
누네안과병원,서울시 강남구 선릉로 404,02-1661-1175
월계문화정보도서관,서울시 노원구 월계로 319,02-991-0871
삼육대학교도서관,서울시 노원구 화랑로 815,02-3399-3636
아람어린이집,서울시 마포구 방울내로6길 4,
에이스하이엔드타워3차,서울시 금천구 가산디지털1로  145,
센터플러스,서울시 영등포구 경인로82길 3-4,02-2164-1566
솔브레인이엔지,서울시 금천구 가산로9길  78,02-3282-1900
용산청소년수련관,서울시 용산구 이촌로71길 24,02-749-0102
e-스페이스,서울시 구로구 디지털로27길 236,
리틀킹어린이집,서울시 강서구 강서로33가길 42,02-2698-8031
문덕일초등학교,서울시 송파구 송이로34길 60,02-409-9817
신상중학교,서울시 노원구 동일로216길 42,02-932-0595
한양대부속고등학교,서울시 성동구 살곶이2길 27-2,02-2200-3500
영도중학교,서울시 양천구 목동중앙남로 27,02-2643-0243
동성중학교 ,서울시 종로구 대학로 156,02-3671-9102
구암초등학교,서울시 관악구 구암길  1,02-871-6041
신남성초등학교,서울시 동작구 사당로 146,02-521-6268
현강여자정보고등학교,서울시 강동구 동남로 964,02-3427-7400
한영고등학교,서울시 강동구 동남로 832,02-426-2098
성심학원,서울시 영등포구 당산로  159,02-2675-9994(팩스)
휘문중학교(증축),서울시 강남구 역삼로 541,070-7090-0400
수명중학교,서울시 강서구 수명로2길  16,070-4060-8008
월광어린이집,서울시 동작구 사당로2가길 103,
중동초등학교,서울시 마포구 월드컵북로  152,02-373-4835
영서중학교,서울시 구로구 도림로20길  35,02-856-9567
금옥초등학교,서울시 성동구 독서당로 251,02-2297-2267
오류초등학교,서울시 구로구 경인로19길 39,02-2612-6412
메가MD로스쿨(청합빌딩),서울시 강남구 강남대로 364,02-584-2500
강현중학교,서울시 동작구 상도로13라길 22,02-815-8335
한국서울삼육중학교,서울시 노원구 화랑로 815,070-8677-3860
이지펠리스(한걸음병원),서울시 중랑구 망우로 316,02-493-9700
서울대법학강의동,서울시 관악구 관악로  1,02-880-7534
중암중학교,서울시 마포구 월드컵북로38길 25,02-309-5778
동부제일병원,서울시 중랑구 망우로 511,02-437-5011
명일초등학교,서울시 강동구 고덕로38길 8,02-441-5313
카톨릭대학교,서울시 종로구 창경궁로 296-12,02-740-9714
대진남자고등학교,서울시 노원구 공릉로62가길 47,02-976-0066
합격의 법학원,서울시 관악구 신림로  77,02-888-3300
한터어린이집,서울시 중랑구 면목로56가길 21,02-437-2672
효인병원,서울시 금천구 남부순환로  1372,02-867-7700
그리스도대학교(본관),서울시 강서구 까치산로24길 47,02-2600-2400
번3동우체국,서울시 강북구 한천로105길 27,02-985-3402 
동작보건소,서울시 동작구 장승배기로10길 42,02-820-1423
가온어린이집,서울시 은평구 서오릉로9길 18,
강서자동차운전면허시험장,서울시 강서구 남부순환로  171,1577-1120
행당초등학교,서울시 성동구 고산자로8길 6,02-2292-9434
에이스하이엔드타워,서울시 금천구 가산디지털1로  233,
강서IT밸리 아파트형 공장,서울시 강서구 화곡로68길 82,02-2615-1114
타워빌 (대일학원),서울시 강동구 진황도로  119,02-475-5757
잠신중학교,서울시 송파구 잠실로 12,02-415-9621
양동초등학교,서울시 양천구 오목로23길 24,02-2602-5101
㈜메가스터디(풍림빌딩),서울시 강남구 영동대로137길 6,02-568-3800
유현초등학교,서울시 강북구 인수봉로37길 24,02-985-3122
백상스타타워1차,서울시 금천구 디지털로9길 65,02-6000-7114
강동성모요양병원(신관),서울시 강동구 진황도로  122,02-488-0020
이너스치과병원,서울시 관악구 남부순환로 1710,02-888-2875
연세대학교 안이비인후과동,서울시 서대문구 연세로 50,02-2228-3421
강북삼성병원 본관,서울시 종로구 새문안로  29,02-2001-2001
오류2동 주민센터,서울시 구로구 오류로 45,02-2620-7550
청운효자동주민센터,서울시 종로구 자하문로 92,02-2148-5003
오륜동주민센터,서울시 송파구 양재대로 1232,02-2147-4240
삼양동우체국,서울시 강북구 삼양로 229,02-989-1001
정릉4동주민센터,서울시 성북구 보국문로  106-1,02-919-8205
김인권 성형외과(유덕빌딩),서울시 강남구 압구정로 443,
시티렉스(CT-LEX),서울시 금천구 시흥대로 399,02-809-7530
양천보건소,서울시 양천구 목동서로 339,02-2620-3912
서울중곡동우체국,서울시 광진구 긴고랑로 68,02-444-2005
화곡6동주민센터,서울시 강서구 화곡로 312,02-2600-7665
상도4동주민센터,서울시 동작구 성대로29길 53,02-823-0859
신정3동주민센터,서울시 양천구 중앙로 209,02-2620-4230
신대방1동주민센터,서울시 동작구 신대방길 72,02-832-6521
답십리2동주민센터,서울시 동대문구 한천로11길  18,02-2171-6246 
가락2동주민센터,서울시 송파구 중대로24길 6,02-2147-4480
서교초등학교,서울시 마포구 와우산로23길  20-27,02-3143-0673
경동초등학교,서울시 성동구 성수일로 34,02-469-2235
시립동부병원,서울시 동대문구 무학로 124,02-920-9341
고척초등학교,서울시 구로구 경서로 31,02-2618-6211
백운초,서울시 도봉구 삼양로146길 17,02-993-5727
응봉초등학교,서울시 성동구 독서당로62길  28,02-2281-0816
부암동주민센터,서울시 종로구 창의문로 145,02-2148-5095
서울사대 부속 초등학교,서울시 종로구 대학로 64,02-762-5250
용강중학교,서울시 용산구 이촌로65가길 91,02-795-6176
신아타운(병원),서울시 중랑구 봉화산로 194,02-3423-2275
양천초등학교,서울시 강서구 양천로 329,02-3663-0006
삼성미래여성병원,서울시 구로구 서해안로 2296,02-2682-2100
서울명수학교(별동),서울시 성북구 성북로31길 5-15,02-762-8049
서울자양초등학교,서울시 광진구 아차산로44길 26,02-457-1468
당중초등학교,서울시 영등포구 선유로  131,02-2633-1416
방화중학교,서울시 강서구 개화동로27길 9,02-2662-4452
은정초등학교,서울시 양천구 목동남로 85,02-2645-68710
번동초등학교,서울시 강북구 오현로 204,02-987-1863
독립문초등학교,서울시 종로구 통일로12길 23,02-737-4684
길동 주민센터,서울시 강동구 명일로 22-1,02-3425-7850
성산2동주민센터,서울시 마포구 월드컵북로30길 22,02-3153-6920
한남동우체국,서울시 용산구 대사관로 49,02-794-2205
동사무소어린이집,서울시 중구 동호로15길 50,
전쟁기념관(뮤지엄웨딩홀),서울시 용산구 이태원로  29,
신내2동관상복합청사,서울시 중랑구 봉화산로  190,02-2094-6600
해피데이사우나,서울시 광진구 자양로 38,
불암파출소,서울시 노원구 한글비석로 277,02-930-6119
농협관악농산물백화점,서울시 관악구 남부순환로 1369,02-852-3124
로고스치과,서울시 강서구 공항대로 426,02-2602-2804
서강지구대,서울시 마포구 독막로22길 8,02-334-4975
용강동주민센터,서울시 마포구 토정로27길 14,02-3153-6590 
홍익병원본관,서울시 양천구 목동로 225,02-2693-5555
장안중학교,서울시 중랑구 동일로  786,02-6930-3300
라피 메딩앙스 정형외과,서울시 강남구 논현로 828,
강북힘찬병원,서울시 도봉구 도봉로  446,02-1577-9229
인애가한방병원(우신향한방병원),서울시 강동구 성내로6길  15,02-477-9661
새한빛병원,서울시 강북구 한천로 1002,02-1588-7651/02-907-7002
반포1동주민센터,서울시 서초구 사평대로 273,02-2155-7591
서울문정동우체국,서울시 송파구 중대로  24,02-448-0205
논현2동 주민센터(문화센터),서울시 강남구 학동로 43-17,02-3423-7520
남영동우체국,서울시 용산구 두텁바위로 6-1,02-793-2005
코스트코,서울시 중랑구 망우로 336,02-439-1144
중구 필동 주민센터,서울시 중구 장충단로8길 22,02-3396-6590
신길6동주민센터,서울시 영등포구 대방천로 169,02-2670-1329
오금동주민센터,서울시 송파구 중대로25길  5,02-2147-4270
응암어린이공원 화장실,서울시 은평구 은평로11길 10,
고려에이트리움(국민연금공단 용산지사),서울시 용산구 한강대로 259,02-1355
사직공원 공중화장실,서울시 종로구 사직로 89,
광장시장 공중화장실,서울시 종로구 종로32길 19,02-2269-8855
봉화지구대,서울시 중랑구 신내로 177,02-3423-0018
강동연세내과,서울시 강동구 올림픽로  782,02-3426-7575
편강한의원,서울시 서초구 서운로1길  21,02-518-7777
메가박스 신촌,서울시 서대문구 신촌역로  30,1544-0070
마리아병원,서울시 송파구 송이로 156,02-2152-6555
어린이대공원후문공중화장실,서울시 광진구 능동로 216,
대명웨딩문화원,서울시 동대문구 고미술로 81,
청룡동주민센터,서울시 관악구 청룡9길  12-39,02-879-4381
불광1동주민센터,서울시 은평구 진흥로15길 10,02-351-5032
롯데마트 송파점,서울시 송파구 중대로 80,02-2295-2500
GS슈퍼상계점,서울시 노원구 한글비석로 471,02-2091-0011
개봉지구대,서울시 구로구 개봉로18길 5,
상일동 우체국,서울시 강동구 상일로 ,02-426-2505
홍제3동주민센터,서울시 서대문구 세검정로4길 32,02-330-8125
이문동우체국,서울시 동대문구 이문로  133,02-965-2005 
CGV신촌아트레온,서울시 서대문구 신촌로  129,1544-1122
고척동 우체국,서울시 구로구 중앙로 76,02-2615-1911
약수지구대,서울시 중구 다산로 248,02-2234-8112
영등포구 시설관리공단,서울시 영등포구 여의대방로 211,02-2650-1400
합정동주민센터,서울시 마포구 동교로8길  58,02-3153-6770
교통센터,서울시 중랑구 공릉로2가길 6,
사직동치안센터,서울시 종로구 사직로9길 5,
삼성동 주민센터,서울시 관악구 호암로  589,02-879-4771
장위초등학교,서울시 성북구 장월로8가길  41,02-942-1772
경희의원,서울시 동작구 사당로 215,02-3476-5275 
열린산후조리원,서울시 성북구 보국문로 33,02-914-1448
성수2가1동주민센터,서울시 성동구 뚝섬로  385-19,02-2286-7461
염리동주민센터,서울시 마포구 숭문길 14,02-3153-6650
봉은사문화센터,서울시 강남구 봉은사로 531,
연서공원화장실,서울시 은평구 연서로6길 8-1,
서울영풍초교,서울시 송파구 오금로57길 15,02-407-2252
중현초등학교,서울시 노원구 섬밭로 181,02-979-8433
응암초등학교,서울시 은평구 가좌로6길 20,02-309-5555
상도중학교,서울시 동작구 사당로2가길 72,02-580-8905
서울백병원,서울시 중구 퇴계로46길 35,02-2270-0114
용동초등학교,서울시 노원구 한글비석로1길 81-11,02-949-0025
신수중학교,서울시 마포구 신수로 49,070-8668-2212
등촌중학교,서울시 강서구 공항대로  484-12,02-2653-0392
아이디병원,서울시 강남구 압구정로 148,02-547-0050
서신초등학교,서울시 은평구 은평터널로 150,02-3152-0702
구의제2동주민센터,서울시 광진구 천호대로136길 55,02-450-1507
마천지구대,서울시 송파구 마천로41길 8,02-400-0112
효창동주민센터,서울시 용산구 효창원로 161,02-2199-8520
대조동우체국,서울시 은평구 통일로71길  20,02-353-2005
신서중학교,서울시 양천구 중앙로 206,02-2654-8011
길음초등학교,서울시 성북구 길음로  142,02-818-9983
서울효제초등학교,서울시 종로구 대학로  12,02-762-4279
서울 윤중초등학교,서울시 영등포구 여의나루로2길 14,02-782-2042
중흥초등학교,서울시 중랑구 봉화산로  82,02-495-2912
중랑프라임병원,서울시 중랑구 공릉로 76,02-975-7500
천호초등학교,서울시 강동구 구천면로 310-11,02-470-9771
인정병원,서울시 은평구 응암로  164,02-309-0909
상도초등학교,서울시 동작구 성대로21길 62,02-823-2168
아산병원,서울시 송파구 올림픽로43길 88,02-1688-7575
영문초등학교,서울시 영등포구 문래로   56,02-2068-5355
서울정인학교,서울시 강북구 인수봉로 119-20,02-983-4321
서울맹학교,서울시 종로구 필운대로 97,02-737-0656
실로암안과병원,서울시 강서구 등촌로  181,02-2650-0700
월천초,서울시 도봉구 노해로70길   96,02-993-9448
전동초등학교,서울시 동대문구 전농로16길 61,02-2214-6574
양병원제2종합검진센터,서울시 강동구 진황도로 128,02-480-8000
동호유치원,서울시 성동구 금호산9길 7,02-2235-0914
강남중앙병원,서울시 관악구 남부순환로  1449,02-853-4600
서울신영초등학교,서울시 영등포구 도신로4길  32,02-843-2264
서울도림초등학교,서울시 영등포구 가마산로65길 22,02-832-0590
한일병원,서울시 도봉구 우이천로 308,02-901-3114
반포지구대,서울시 서초구 신반포로 176,02-536-8477 
홍익지구대,서울시 마포구 양화로11길 63,02-334-8150
서울의료원(강남분원),서울시 강남구 봉은사로114길 43,02-3430-0261
개포4동 주민센터,서울시 강남구 개포로38길 12,02-3423-7870 
구로3동 주민센터,서울시 구로구 디지털로31길 38-9,02-2620-7400
홍은1동주민센터,서울시 서대문구 홍은중앙로 85,02-330-8129
온누리병원,서울시 성북구 화랑로 271,02-919-2700
강남효병원(고암빌딩),서울시 관악구 남부순환로  1704,02-885-8080
문현치과의원,서울시 관악구 남부순환로 1474,
등촌동우체국,서울시 강서구 화곡로63길 90,02-2658-0100
오현초등학교,서울시 강북구 월계로 221,02-987-0419
알로시오초등학교,서울시 은평구 백련산로14길 20-11,02-387-5448
목동연세병원,서울시 양천구 목동로 189,02-2601-00520053
신북초등학교,서울시 마포구 월드컵북로38길 26,02-303-6884
남영동주민센터,서울시 용산구 두텁바위로  25,02-2199-8372
구로성심병원,서울시 구로구 경인로 427,02-2067-1500
방학파출소,서울시 도봉구 도봉로145길  45,02-3492-1436
등촌1동주민센터,서울시 강서구 공항대로53가길  55,02-2600-7365
미자인 의원,서울시 강남구 도산대로  423,1599-3008
은천동자치회관,서울시 관악구 국회단지2길 29-10,
강윤빌딩(윤앤송한의원),서울시 성북구 동소문로  92,02-923-2325
화곡8동주민센터,서울시 강서구 곰달래로25길  45,02-2600-7705
영등포경찰서,서울시 영등포구 국회대로  608,02-2633-0112
신도림주민센터,서울시 구로구 신도림로 40,02-2620-7100
용답주민센터,서울시 성동구 용답중앙23길 20,02-2286-7522
반포오피스빌딩,서울시 서초구 반포대로 235,
당산2동주민센터,서울시 영등포구 당산로 235,02-2670-1129
귀족 피에스타 웨딩홀,서울시 강북구 월계로 183,
명일동우체국,서울시 강동구 구천면로 424-,02-3427-2001
롯데슈퍼,서울시 은평구 진관2로  117,02-386-8060
중계본동주민센터,서울시 노원구 중계로 143,02-2116-2626
구산동주민센터,서울시 은평구 갈현로17길 10,02-351-5152
우장산강서구민회관,서울시 강서구 우장산로  66,
하나로마트,서울시 서초구 청계산로  10,02-3498-1000
장위2동주민센터,서울시 성북구 돌곶이로27길 12,02-942-0672
정릉1동주민센터,서울시 성북구 정릉로38마길 33,02-916-8920
상도2동주민센터,서울시 동작구 상도로 211,02-814-3755
국민건강보험공단,서울시 동작구 등용로4길 139,1577-1000
오류지구대,서울시 구로구 경인로  221,02-2612-6112
방화근린공원화장실(관리사무실),서울시 강서구 금낭화로  176,
노원스마트요양병원,서울시 노원구 노원로 461,02-949-3000
강동성심병원,서울시 강동구 성안로  150,02-2224-2114
서울대학교병원 암센터,서울시 종로구 대학로  101,02-2272-3213
메르체쇼핑몰,서울시 서대문구 이화여대길 59,
빅마켓(롯데마트금천점),서울시 금천구 두산로 71,02-809-2500
롯데백화점 강남점,서울시 강남구 도곡로 401,02-531-2500
홈플러스 강서점,서울시 강서구 화곡로  398,02-2660-8000
한양대병원 ,서울시 성동구 왕십리로 222,02-2290-8114
한산초등학교,서울시 강동구 풍성로 261,02-475-5762
예술마당,서울시 종로구 돈화문로5가길 1,1599-2117
망원1동주민센터,서울시 마포구 포은로6길  10,02-3153-6800
공항동 전화국,서울시 강서구 공항대로  69,080-258-1033
서울시소방재난본부,서울시 중구 퇴계로20길 3,02-3706-1314
신화병원,서울시 영등포구 영중로   100,02-2632-8114
시너지병원,서울시 강남구 학동로 309,02-2015-1300
이문2동주민센터,서울시 동대문구 신이문로 27-5,02-2171-6502
길음지구대,서울시 성북구 삼양로13길 51,02-919-9723
한국도심공황터미널(서울컨벤션웨딩홀),서울시 강남구 테헤란로87길 22,
목4동주민센터,서울시 양천구 목동중앙로 25,02-2620-4000
국립중앙도서관,서울시 서초구 반포4동 산 60-1,
망우3동주민센터,서울시 중랑구 용마산로 461,02-2094-6520
국회도서관,서울시 영등포구 의사당로 1,
여의도동 주민센터,서울시 영등포구 국제금융로 124,02-2670-1451
하계중학교,서울시 노원구 노원로 261-8,02-3399-0200
명성여자고등학교바동,서울시 광진구 광나루로36길 47,02-2049-1577
서울대학교 SK경영관,서울시 관악구 관악로 1,
윌비스고시학원,서울시 동작구 만양로 105,02-1544-4774
자연어린이집,서울시 중랑구 용마산로114길 4,02-496-4443
송곡고등학교,서울시 중랑구 양원역로  50,070-7114-5604
서울건국대학교우체국,서울시 광진구 능동로 120,02-444-1826
은마아파트 우체국,서울시 강남구 삼성로  212,02-566-0400
도화동주민센터,서울시 마포구 도화2길 77,02-3153-6560
당산우체국,서울시 영등포구 당산로 102,02-2675-0140
서울정수초등학교 다목적강당,서울시 성북구 정릉로24길 58,02-916-0051
남천초등학교,서울시 송파구 성내천로  207,02-3401-0651
하계1동우체국,서울시 노원구 노원로 259,02-971-0004
개포동 우체국,서울시 강남구 영동대로3길 7,02-445-6576
관악우체국,서울시 관악구 남부순환로 1643,02-889-0014
아름다운어린이집,서울시 용산구 원효로  67-8,02-718-7357
서울사회복지대학원,서울시 영등포구 영신로34길  18-1,02-835-5551
대치 서연학원(서진빌딩),서울시 강남구 도곡로 517,
단대부속고등학교,서울시 강남구 도곡로64길 21,02-2191-2602
큰사랑노인전문병원,서울시 강남구 논현로2길 30,02-3461-4320
한국외국어대학교우체국,서울시 동대문구 이문로 270,02-963-8380
빅마켓(롯데마트 영등포점),서울시 영등포구 영중로  125,02-2165-2500
신도림테크노마트,서울시 구로구 새말로 97,02-2111-0114
한강성심병원별관3,서울시 영등포구 버드나루로   55,
대한병원,서울시 강북구 도봉로 301,02-903-3231
린피부과,서울시 송파구 석촌호수로  118,02-424-5007
사당3동주민센터,서울시 동작구 사당로17길 86,02-534-0040
중계1동주민센터,서울시 노원구 한글비석로 279,02-2116-2657
방산고등학교,서울시 송파구 오금로27길 18,02-418-2600
영신여자고등학교,서울시 노원구 중계로16나길 13,02-930-8455
명지고등학교,서울시 서대문구 명지2길 56,02-303-1540
엑시터영어학원,서울시 도봉구 도봉로136길 7,02-906-0577
개포 어린이집,서울시 강남구 봉은사로68길 27,02-2266-9286
자양제1동주민센터,서울시 광진구 자양로13길 37,02-450-1510
배화여자대학교,서울시 종로구 필운대로1길 34,02-399-0700
강남교육청,서울시 강남구 학동로 426,1899-0080
삼육고등학교,서울시 노원구 화랑로 815,02-6395-3671
햇님어린이집,서울시 송파구 백제고분로22길 15-15,02-416-3725
우리은행수유동지점,서울시 강북구 도봉로  357,02-902-8111
우리은행 연희동지점,서울시 서대문구 연희로  125,02-324-7001
연남어린이집,서울시 마포구 연남로7길  32-10,02-322-6180
버클리어린이집,서울시 강서구 강서로47바길 21,02-2663-5955
서울시청,서울시 중구 세종대로 110,120
에이스테크노타워,서울시 영등포구 당산로2길  12,
혜원어린이집,서울시 중랑구 상봉로16가길 14,02-433-4845(팩스)
갑을그레이트밸리,서울시 금천구 디지털로9길  32,
시립장애인구강진료센터,서울시 성동구 마장로  207,
창4동주민센터,서울시 도봉구 노해로  390,02-2091-5891
공항컨벤션웨딩,서울시 강서구 강서로 357,
연남동주민센터,서울시 마포구 성미산로29길  17-9,02-3153-6874
창신3동 주민센터,서울시 종로구 지봉로 87,02-2148-5453
CGV구로,서울시 구로구 구로중앙로 152,1544-1122
성북우체국,서울시 성북구 동소문로  310,02-919-0014 
예일몬테소리어린이집,서울시 송파구 백제고분로24길 16,
명지어린이집,서울시 양천구 곰달래로9길 72,02-2601-7005
장암교회어린이집,서울시 성북구 월곡로5길 39,
대건어린이집,서울시 구로구 구일로8길  16,02-866-9901
산위의마을어린이집,서울시 광진구 용마산로7길 39,
키즈팜어린이집,서울시 광진구 뚝섬로47길 33,
둥지어린이집 ,서울시 중랑구 공릉로14길 19,02-974-6893
돈암우체국,서울시 성북구 보문로  178,02-923-0430
동명정보산업고등학교,서울시 은평구 통일로  793,02-386-4044
금일어린이집,서울시 성동구 난계로  18,02-2291-8629
꽃길어린이집,서울시 강북구 인수봉로52가길 42,
서울불교대학원대학교,서울시 금천구 독산로70길 8,02-890-2800
으뜸어린이집,서울시 양천구 신정중앙로 60,02-2693-0648
BIZ.Center2차,서울시 구로구 디지털로33길 12,
벽산디지털밸리6,서울시 금천구 가산디지털1로  219,
홈플러스 신내점,서울시 중랑구 신내로  201,02-2024-8000
금강 펜테리움 IT타워,서울시 영등포구 당산로 171,
노원청소년수련관,서울시 노원구 덕릉로70길 99,02-3391-4141
서울재활병원,서울시 은평구 갈현로11길  30,02-6020-3000
가든파이브 NC백화점(LIFE관),서울시 송파구 충민로 66,02-2157-5000
아름다운 어린이집,서울시 동작구 사당로 161,02-3473-9125
STX.WTOWER,서울시 구로구 경인로53길  90,010-7363-****
인화어린이집,서울시 도봉구 노해로54길  84,02-996-3078
에이스하이엔드타워7차,서울시 금천구 가산디지털2로 67,
망우본동주민센터,서울시 중랑구 망우로77길 12,02-2094-6480
신길3동주민센터,서울시 영등포구 신길로41라길 13-8,02-2670-1456
CGV목동,서울시 양천구 목동동로 257,1544-1122
창문여자고등학교,서울시 강북구 월계로 61,02-986-1705
큰별어린이집,서울시 동작구 흑석한강로28길 1,
서울지방국토관리청,서울시 중구 정동길 18,02-2125-2500
아이와나무어린이집,서울시 광진구 천호대로123길 4-4,02-452-5579
기린어린이집,서울시 은평구 연서로41가길 24-1,
놀이카페어린이집,서울시 강북구 삼양로73길 11,
누원초,서울시 도봉구 마들로  859-44,02-955-5162
도봉세무서,서울시 강북구 도봉로 117,02-944-0200
방화3동주민센터,서울시 강서구 금낭화로24길  5,02-2600-5275
대림1동주민센터,서울시 영등포구 디지털로 441,02-2670-1460
성북구청,서울시 성북구 보문로  168,02-920-3114
원묵중학교,서울시 중랑구 신내로23길  57,02-2094-9808
성바오로관절센터,서울시 동대문구 왕산로36길 7,
연세방병원,서울시 노원구 동일로197길 11,02-1577-4447
연신초등학교,서울시 은평구 연서로  347,02-387-0373
뉴스타트병원,서울시 송파구 송이로 76,02-407-7700
강신중학교,서울시 양천구 남부순환로 604,02-2694-9623
KS병원,서울시 강남구 선릉로 571,02-1566-0075
아이린어린이집,서울시 강서구 초록마을로  157-19,02-2601-1300
㈜세목반도체,서울시 금천구 벚꽃로  244,02-2082-5293
아이들세상어린이집,서울시 광진구 용마산로7길 60,02-3436-4611
성진코원공장,서울시 성동구 성수이로24길   31,
창경초,서울시 도봉구 도봉로129길  54,02-995-5265
상명대학원 에이동,서울시 종로구 세검정로  433,
구정 고등학교,서울시 강남구 압구정로39길 20,070-8255-5202
장평중학교,서울시 동대문구 답십리로72길 158,02-2243-8280
방화동 노유자시설(어린이집),서울시 강서구 방화대로49길  52,
개포1동 우체국,서울시 강남구 선릉로 36,02-575-0205
종암동복합청사,서울시 성북구 종암로 98-8,02-926-3084 
창신2동 주민센터,서울시 종로구 창신길 62,02-2148-5423
이태원1동주민센터,서울시 용산구 보광로 104-6,02-2199-8620
신트리공원 화장실,서울시 양천구 신정로 310-7,
공중화장실(대방역),서울시 영등포구 노량진로  7,
시립구로청소년회관,서울시 구로구 구로동로  141,02-838-1318
늘평화어린이집,서울시 광진구 능동로51길 17,02-499-7758
수유3동우체국,서울시 강북구 도봉로 383,02-994-2007 
중랑우체국,서울시 중랑구 면목로 491,02-434-4300
공릉2동치안센터,서울시 노원구 노원로1길 2,02-971-0618
도봉2주민센터 &lt;도봉서원복지관&gt;,서울시 도봉구 마들로  668,02-2289-1515
청담중학교,서울시 강남구 압구정로61길 36,02-511-5151
서울동부지방검찰청 신관2동,서울시 광진구 아차산로  404,02-2204-4000
광혜병원,서울시 강남구 영동대로86길 9,02-538-7111
중계2.3동주민센터,서울시 노원구 노원로17길 56,02-2116-2675
선한이웃병원,서울시 노원구 화랑로 323,02-914-2000
용두초등학교,서울시 동대문구 천호대로13길 43,02-927-4892
신도림중학교,서울시 구로구 경인로63길 73,02-2676-1992
신구로초등학교,서울시 구로구 가마산로27길 69,02-862-7192
주민센터어린이집,서울시 은평구 은평로 195,
시설관리공단,서울시 관악구 남부순환로 1914,02-2081-2600
서울시북부교육청,서울시 도봉구 노해로  313,02-3499-6990
서대문경찰서(교통센터),서울시 서대문구 성산로  704,
KT성북지점,서울시 성북구 보문로13다길  28,080-258-1048
동명초등학교,서울시 성동구 마장로29길   29,02-2299-5122
상곡초등학교,서울시 노원구 노원로38길 34,02-935-9205
윤중중학교,서울시 영등포구 여의동로3길 3,02-780-8842
네모치과의원(신도타워),서울시 강남구 테헤란로 333,02-564-5956
서울도신초등학교,서울시 영등포구 도림로53길 32-9,02-835-1501
용답초등학교,서울시 성동구 용답25길 1,02-2245-2717
원더키즈학원,서울시 송파구 동남로  286,02-407-5841
서울신양초등학교다동,서울시 광진구 능동로  42,02-2201-8085
숭미초,서울시 도봉구 노해로   179,02-904-9552
구산중학교,서울시 은평구 갈현로15길 20-23,02-389-8785
성남중학교,서울시 동작구 대방동길 74,02-815-1334
조원초등학교,서울시 관악구 조원로 67,02-869-2235
삼육의료원장례식장,서울시 동대문구 망우로 82,02-2215-4444
탑산초등학교,서울시 강서구 허준로  109,02-2659-5101
중화초등학교,서울시 중랑구 신내로7가길  22,02-433-1986
성수2가3동주민센터,서울시 성동구 광나루로2길  35,02-2286-7481
한국거래소 KRX 어린이집,서울시 영등포구 여의나루로 76,
한성대학교미래관,서울시 성북구 삼선교로16길  116,02-760-4114
효문중,서울시 도봉구 우이천로 432,02-999-1785
덕성기술학원,서울시 동작구 노량진로 26,02-2675-4000
한국사회과학 도서관,서울시 종로구 인왕산로1길  25,02-767-9514
비손어린이집,서울시 은평구 갈현로5길  32,
대방삼육외국어학원,서울시 동작구 알마타길 21-42,02-825-3605
노원보건소,서울시 노원구 노해로 437,02-2116-4501
꼬네상스어린이집,서울시 송파구 마천로1길 14,02-414-5008
리틀피카소어린이집,서울시 중랑구 겸재로64길 23,02-493-1692
삼성IT밸리,서울시 구로구 디지털로33길 27,02-2028-2364
구로고대병원,서울시 구로구 구로동로 148,02-2626-1114
고려수요양병원,서울시 금천구 남부순환로 1400,02-838-5558
문화빌딩(서울수정형외과),서울시 강동구 구천면로  200,02-487-6300
여의도고등학교,서울시 영등포구 국제금융로7길 37,070-8661-3103
금호초등학교,서울시 성동구 무수막길  69,02-2237-7495
상원초등학교,서울시 노원구 한글비석로54길 119,02-938-7974
서울평화초등학교,서울시 송파구 송파대로26길 22,02-443-2748
진관지구대 ,서울시 은평구 진관3로  38,02-358-0120
광성중고등학교,서울시 마포구 신수로8길 20,02-703-3457
연세대학교 재활학교,서울시 서대문구 연세로 50,02-2123-8141
밤비니어학원,서울시 송파구 위례성대로 108,02-423-8205
서울영원초등학교,서울시 영등포구 도신로29마길  14,02-835-9434
서울명신초등학교,서울시 종로구 낙산길 250,02-766-1415
대치게이트 어학원(셀라빌딩),서울시 강남구 도곡로 221,02-491-0509
서울 영중초등학교,서울시 영등포구 양산로   185,02-2633-9428
우이초등학교,서울시 강북구 삼양로 99-36,02-991-8722
연신중학교,서울시 은평구 연서로33길 16-32,02-383-7835
대학로예술극장,서울시 종로구 대학로10길 17,02-3668-0007
혜화초등학교,서울시 종로구 혜화로 32,02-762-6437
행현초등학교,서울시 성동구 행당로  95,02-2294-7614
금양초등학교,서울시 용산구 효창원로  137,02-704-2901
성신초등학교,서울시 성북구 북악산로  918,02-921-1813
새길병원,서울시 도봉구 삼양로 600,
양천경찰서,서울시 양천구 목동동로 99,02-2655-0112
대성학원,서울시 서초구 서초대로46길  19-12,02-585-9600
영일초등학교,서울시 구로구 남부순환로105길 218,02-861-0426
도봉병원&lt;신관&gt;,서울시 도봉구 도봉로 718,02-3492-3250
국립서울농학교,서울시 종로구 필운대로 103,02-737-0378
갈현초등학교,서울시 은평구 연서로29길 31,02-355-0835
정민학교,서울시 노원구 공릉로58길 24,02-978-8405
아현초등학교,서울시 마포구 굴레방로 6,02-313-5845
등촌2동주민센터,서울시 강서구 등촌로  143,02-2600-7395
묵2동주민센터,서울시 중랑구 동일로157길 29,02-2094-6440
본동어린이집,서울시 구로구 구로동로40길 21-1,02-3281-6529
종암중학교,서울시 성북구 종암로5길 80-17,02-928-7041
아주중학교,서울시 송파구 올림픽로4길 69,02-415-1696
마장중학교,서울시 성동구 마장로35나길 31,02-2282-2944
상신초등학교,서울시 은평구 가좌로 361,02-303-4245
동작초등학교,서울시 동작구 동작대로29길 214,02-537-1773
방이초등학교,서울시 송파구 위례성대로10길 4,02-420-8477
정덕초등학교,서울시 성북구 아리랑로  63,02-928-5528
서울 대영초등학교,서울시 영등포구 신길로23길 43,02-846-1997
행운동우체국,서울시 관악구 남부순환로  1841,02-871-2005
서울여대우체국(누리관1층),서울시 노원구 화랑로 621,
강동 도서관,서울시 강동구 양재대로116길 57,02-483-0728
서울구남초등학교,서울시 광진구 구의강변로 69,02-453-8921
중앙대학교병원,서울시 동작구 흑석로 102,02-6299-1114
에스플란트 치과병원,서울시 강남구 도산대로 410,02-512-0700
서울정문학교,서울시 관악구 난향3길  31,02-869-7188
인애가병원,서울시 송파구 마천로15길 6,02-3401-2260
신목중학교,서울시 양천구 목동중앙로 88,02-2648-2142
케이씨씨웰츠밸리,서울시 금천구 가산디지털1로  205-29,
구립토담어린이집,서울시 관악구 청림3길  37,
홈플러스 월드컵점,서울시 마포구 월드컵로 240,02-312-2080
더본정형외과,서울시 동작구 동작대로 67,02-587-2299
청하병원,서울시 동작구 장승배기로 108,02-815-3788
신명초등학교,서울시 강동구 명일로24길  33,02-489-4074
서울대 사법대학 간이식당,서울시 관악구 관악로  1,
숭의여자중학교,서울시 동작구 여의대방로36길 79,02-810-7700
원광초등학교,서울시 노원구 덕릉로76길 18,02-951-3358
숙명여대 새빛관,서울시 용산구 청파로47나길 90,02-710-9114
서울녹천초등학교,서울시 노원구 마들로3길 34,02-977-0670~1
연세영동병원,서울시 강동구 구천면로 202,02-487-5211
삼각산초등학교,서울시 강북구 삼양로 19-141,02-989-4366
영남중학교,서울시 영등포구 대림로31나길  17,02-831-7701
키즈피아어린이집,서울시 양천구 가로공원로60길 9-3,02-2646-9377
메가박스 목동,서울시 양천구 목동동로 309,1544-0070
튼튼병원,서울시 강동구 천호대로 1133,02-1577-3191
원효로우체국,서울시 용산구 원효로 227,02-715-1437
뚝섬우체국,서울시 성동구 뚝섬로3길  14,02-465-3633
회현동주민센터,서울시 중구 퇴계로36길 42,02-3396-6530
가양1동주민센터,서울시 강서구 허준로 30,02-2600-7785 
남부초등학교,서울시 관악구 남부순환로163길 14,02-857-5032
로고스치과병원,서울시 강서구 공항대로  281,02-2699-9908
노정형외과,서울시 중랑구 망우로 476,02-2209-0931
은평대영학교,서울시 은평구 갈현로11길 30,02-353-2040
가산중학교,서울시 금천구 시흥대로115길 48,02-804-1777
상신중학교,서울시 은평구 증산로15길 61,02-305-5136
강남자이 비뇨기과 병원,서울시 강남구 논현로 609,02-3448-7119
연세에덴병원,서울시 은평구 통일로 669,02-1577-5046/02-357-4567
오륜중학교,서울시 송파구 양재대로 1242,02-3434-4110
중곡제2동주민센터,서울시 광진구 능동로 346,02-450-1502
성내도서관,서울시 강동구 성안로 106-1,02-471-0044
청소년드림센터(용도변경),서울시 강남구 개포로28길 47,070-7545-0281
서대문청소년수련관,서울시 서대문구 연희로32길  129,02-334-0080
남성중학교,서울시 동작구 남부순환로269길 166,02-520-7504
도토리소풍(어린이집),서울시 강남구 테헤란로13길 34,02-558-0245
명덕외국어고등학교,서울시 강서구 강서로47길 34-10,02-2665-8818
주주어린이집,서울시 송파구 삼전로 7길 22,02-403-5005
혜민병원,서울시 광진구 자양로 85,02-453-3131
동원초등학교,서울시 중랑구 송림길 114,02-438-3141
동성고등학교,서울시 종로구 대학로 156,02-3671-9100
딩동댕어린이집,서울시 중랑구 망우로74가길 19,02-434-3365
아모르이그잼학원,서울시 동작구 노량진로 104,1588-2976
김영수병원(구정빌딩),서울시 강남구 언주로174길 15,02-1577-5075
화계초등학교,서울시 강북구 솔매로50가길 25,02-986-7782
송파청소년수련원,서울시 송파구 중대로4길 4,02-449-0500
참고은어린이집,서울시 구로구 고척로19길 8,02-2611-3040
예나어린이집,서울시 은평구 통일로73길 5-6,02-383-4270
한라시그마밸리,서울시 금천구 가산디지털2로 53,
응암동 노유자 증축대수선(은평중앙어린이집),서울시 은평구 은평로8길  15-4,
건국대학교 행정관,서울시 광진구 아차산로  263,02-450-3114
면목2동주민센터,서울시 중랑구 동일로101길 20-15,02-2094-6040
중계동우체국,서울시 노원구 한글비석로 286,02-952-0014
여러분병원,서울시 강남구 봉은사로  171,02-517-0770
영등포본동 주민센터,서울시 영등포구 신길로61길  17,02-2670-1049
성수1가1동주민센터,서울시 성동구 뚝섬로3길 18,02-2286-7421
시립동작도서관,서울시 동작구 장승배기로 94,02-823-6417
역삼도서관,서울시 강남구 역삼로7길  16,02-508-1139
컨벤션 디아망,서울시 강남구 역삼로 607,
에머럴드 빌딩(BK의원),서울시 강남구 도산대로  122,
낙성대주민센터,서울시 관악구 난곡로30길  40,02-879-4411
연세SK병원,서울시 강남구 학동로4길 7,02-2156-8888
현대홈쇼핑,서울시 강동구 올림픽로70길 34,02-2143-2000/1600-0000
공안과,서울시 강동구 풍성로37길 45,02-480-5000
신당초등학교,서울시 중구 손기정로 73,02-2232-2892
서울과학고등학교,서울시 종로구 혜화로 63,02-740-6299
오금고등학교,서울시 송파구 중대로 247,02-406-0592
선일초등학교,서울시 은평구 갈현로29길 27,02-355-0160
더원학원(대림빌딩),서울시 강남구 삼성로 345,02-508-5336
충현동주민센터,서울시 서대문구 북아현로22길 38,02-330-8101
중계4동주민센터,서울시 노원구 덕릉로82길 50,02-2116-2714
대림2동주민센터,서울시 영등포구 대림로  170,02-2670-1419
국민건강보험공단 중랑지사,서울시 중랑구 망우로 262,1577-1000
호림 아트센터,서울시 강남구 도산대로45길 6,
신월3동주민센터,서울시 양천구 남부순환로54길 5,02-2620-4090
디아뜨갤러리(학원),서울시 중랑구 신내로 225,
고려새한병원,서울시 강북구 도봉로 67,02-981-5161
신계초등학교,서울시 노원구 초안산로 29,02-902-0009
서울사대 부속 중학교,서울시 종로구 대학로 64,
을지중학교,서울시 노원구 덕릉로 580,02-938-7083
오남중학교,서울시 구로구 오리로9길 25,02-2687-4235
노원솔요양병원,서울시 노원구 덕릉로 690,02-932-0036
동작우체국,서울시 동작구 여의대방로22길 77,02-822-0384
행당2동치안센터,서울시 성동구 행당로 95,02-2292-1812
군자동주민센터,서울시 광진구 군자로  151,02-450-1516
갈현1동주민센터,서울시 은평구 갈현로 301,02-351-5092
혜화경찰서,서울시 종로구 창경궁로 112-16,02-747-0112
동숭아트센터,서울시 종로구 동숭길 122,02-766-3390
원효지구대,서울시 용산구 백범로  329,02-711-3090
연세정형외과,서울시 송파구 거마로  62,
이마트 마포공덕점,서울시 마포구 백범로 212,02-2197-1234
강북구청,서울시 강북구 도봉로89길  13,02-901-6114
월드메르디앙벤처센타,서울시 금천구 벚꽃로 254,
우림이비즈센터,서울시 성동구 광나루로6길  35,
대륭테크노타운12차,서울시 금천구 가산디지털2로  14,02-2029-6114
보듬이 나눔이어린이집,서울시 노원구 한글비석로39길 16-5,02-932-1077
정일학원(부광빌딩),서울시 양천구 오목로 210,02-2690-1500
노량진행정고시학원,서울시 동작구 노량진로 171,
대일외고,서울시 성북구 서경로  116,02-918-3169
영등포구청,서울시 영등포구 당산로 123,02-2670-3114
개봉1동주민센터,서울시 구로구 경인로33길 52,02-2620-7150
망우지구대,서울시 중랑구 망우로 391,02-434-8608
불광2동주민센터,서울시 은평구 연서로41길  16,02-351-5062
남서울웨딩,서울시 강남구 강남대로 648,
예은 몬테소리 어린이집,서울시 강남구 광평로 144,
소공동 롯데호텔 크리스탈볼룸,서울시 중구 소공동 1번지 롯데호텔 2층,
프린스 어학원(모아코빌딩),서울시 강남구 선릉로116길 57,02-553-7106
YBM강남센터,서울시 강남구 강남대로 408,02-565-0509
추계예술대학교 창조관,서울시 서대문구 북아현로11가길 7,02-362-5700
한국외국어대학교,서울시 동대문구 이문로 107,02-2173-2114
동양공업 전문대학,서울시 구로구 경인로 445,02-2610-1700
한국 방송 통신대학,서울시 종로구 대학로 86,1577-9995
서울문화고,서울시 도봉구 마들로 598,02-955-9100
난타전용관(명동),서울시 중구 명동 2가 50-14 유네스코빌딩 3층,
세모네모재능어린이집,서울시 중랑구 중랑역로 72-8,
광영여자고등학교,서울시 양천구 남부순환로30길 17,070-4173-6005
구립한아름어린이집,서울시 양천구 중앙로55길 6-1,02-2690-6837
동아키즈어린이집,서울시 송파구 동남로8길 1,
암사2동 주민자치센터,서울시 강동구 상암로3길 28,02-3425-7610
태랑중학교,서울시 노원구 화랑로51나길 51,02-973-1355
이투스학원,서울시 동작구 노량진로 186,02-821-9001
가락고등학교,서울시 송파구 송이로 42,02-416-4657
장수초등학교,서울시 양천구 신정로13가길 30,070-8668-2605
삼성고등학교,서울시 관악구 신림로  41,02-871-7582
응암동지구대,서울시 은평구 은평로 171,02-352-4289
오류2치안센터,서울시 구로구 오류로 71,02-2612-0113 
신성어린이집,서울시 강서구 양천로28길  18,02-2661-1800
용두동우체국,서울시 동대문구 청계천로 497,02-925-0110
서울중화동우체국,서울시 중랑구 동일로 784,02-435-2005
안천중학교,서울시 금천구 한내로 69-44,02-894-1204
수유1동지구대,서울시 강북구 삼양로 305,
강남우체국,서울시 강남구 언주로 721,02-2040-4021
엘리시아,서울시 금천구 디지털로  173,
나무를키우는 햇살 어린이집,서울시 중랑구 양원역로 20-5,02-437-4374
가원어린이집,서울시 송파구 오금로57길 22,02-408-1074
강북청소년수련관,서울시 강북구 한천로 1256,
남영디지털타워,서울시 성동구 성수일로  84,02-499-4546
대명중학교,서울시 강남구 역삼로87길 26,02-5665-3025
영본초등학교,서울시 동작구 만양로12가길 69,02-815-4371
장충체육관,서울시 중구 장충동2가 200-102,
역삼1문화센터,서울시 강남구 역삼동 829-20,
광화문 아트홀,서울시 종로구 도서관1길 15 (사직동 284-1),
역삼종합시장,서울시 강남구 논현로63길 16,02-567-3424
신림동우체국,서울시 관악구 대학5길 38,02-889-2005
대방중학교,서울시 동작구 여의대방로10길 24,02-831-2502
역삼지구대(증축),서울시 강남구 강남대로 450,02-562-1623
제일유치원,서울시 성북구 오패산로 49,02-941-9979
을지로동사무소,서울시 중구 충무로9길 19,02-3396-6680
경기상업고등학교,서울시 종로구 자하문로 136,02-737-6490
페디아 어학원(다보빌딩),서울시 강남구 영동대로85길 20-9,
수명고등학교,서울시 강서구 수명로2길 15,02-2667-8702
백석대학원,서울시 서초구 효령로 114,02-520-0704
CTS기독교방송국,서울시 동작구 노량진로 100,02-6333-1000
한국성서대학교(c동 도서관),서울시 노원구 동일로214길 32,02-950-5401
전통예술중학교 제2인문관,서울시 금천구 시흥대로38길 62,02-896-1094
천사병원,서울시 동대문구 서울시립대로 57,02-2213-8004
서울대학교 LG경영관,서울시 관악구 관악로 1,
금융고등학교,서울시 양천구 가로공원로61길 19,02-2694-3710
명성학원,서울시 은평구 은평로 216,02-353-3500
상수초등학교,서울시 노원구 동일로216길 66,02-932-1442
망우본동우체국,서울시 중랑구 망우로 447,02-496-2005
광신중고상업고등학교,서울시 관악구 광신길  141,02-881-8532
증산중학교,서울시 은평구 증산로5길 27-30,02-303-9294
송곡여자중학교,서울시 중랑구 양원역로 67,070-7124-3522
이화여자고등학교,서울시 중구 퇴계로 375,02-752-3353
좋은그림미술학원,서울시 양천구 오목로 280,02-2642-5555
묘곡초등학교,서울시 강동구 동남로79길 46,02-427-4167
키즈킹덤어린이집,서울시 강서구 강서로8길  134,02-2697-6711
정일빌딩(대성학원),서울시 강서구 곰달래로 170,02-2605-6241
동서울아카데미,서울시 강동구 천호대로151길 36,02-488-6666
서울지방통계청,서울시 강남구 개포로 617,02-3438-8500
드림비뇨기과 피부과,서울시 은평구 가좌로 271,
이마트 월계점,서울시 노원구 마들로3길 15,02-2092-1234
롯데호텔및백화점,서울시 중구 마장로1길 21,02-771-2500
은평메디텍고등학교,서울시 은평구 진관2로 57-57,070-4020-6801
육영학교,서울시 송파구 충민로6길 15,02-443-9782
고척중학교,서울시 구로구 중앙로3길 20,02-6917-7102
신석초등학교,서울시 마포구 대흥로 33,02-715-3669
강동미즈여성병원,서울시 강동구 천호대로 1043,02-470-9114
신천중학교,서울시 송파구 백제고분로 11,02-422-3946
경일고등학교,서울시 성동구 성수일로 27,070-4099-7000
상봉초등학교,서울시 중랑구 동일로126가길 11,02-432-5237
원묵초등학교,서울시 중랑구 숙선옹주로  109,02-3421-2100
동교초등학교,서울시 마포구 월드컵로25길 86,02-324-5091
새희망병원,서울시 송파구 오금로 488,02-1544-3049
대성중학교,서울시 은평구 갈현로29길 51-24,02-350-0550
명덕여자중학교,서울시 강서구 강서로47길  34-10,02-2664-8813
북한산초등학교,서울시 은평구 대서문길 42-3,02-359-9824
동호초등학교,서울시 성동구 동호로5길 133,02-2299-8370
삼선초교병설유치원,서울시 성북구 보국문로29길  106,02-745-7116
명지춘혜병원,서울시 영등포구 대림로 223,02-833-0733
코오롱 디지털타워 애스턴,서울시 금천구 가산디지털1로  212,
풍문여자고등학교,서울시 종로구 율곡로3길 4,02-732-2937
신나라어린이집,서울시 송파구 백제고분로22길 3-5,02-2202-4598
신림동 어린이집,서울시 관악구 난곡로26길  78,02-857-4141
푸른어린이집,서울시 동작구 사당로14길 58,
사범대학부속고등학교체육관겸강당,서울시 광진구 능동로  120,070-7012-3500
서울 영신초등학교,서울시 영등포구 도신로60길  23,02-848-8560
새움병원,서울시 금천구 시흥대로  449,02-862-6000
국민연금공단노원지사(KT8층),서울시 노원구 노해로 502,02-1355
CGV영등포,서울시 영등포구 여의공원로 101,1544-1122
연희중학교,서울시 서대문구 증가로 170,02-372-2992
도봉도서관,서울시 도봉구 삼양로 556,02-6714-7400
작은도서관,서울시 강남구 도곡로77길 23,02-3452-1170
증산초등학교,서울시 은평구 증산서길  61,02-373-6305
중화중학교,서울시 중랑구 용마산로 364,02-439-5811
배재고등학교,서울시 강동구 고덕로 227,02-441-8171
신목고등학교,서울시 양천구 안양천로 739,070-8720-5010
당곡중학교,서울시 관악구 봉천로21길 108,02-870-7700
녹천중학교,서울시 노원구 월계로 376,02-978-4592
목일중학교,서울시 양천구 목동동로8길  70,02-2654-2685
CGV 송파,서울시 송파구 문정동 294 가든파이브 라이프 YOUNG관 10층,
이화어린이집,서울시 도봉구 우이천로34길 33,02-999-9339
성일중학교,서울시 동대문구 왕산로23길 55,02-926-0211
명지대인문캠퍼스 경상관,서울시 서대문구 거북골로 34,
세라핌어린이집,서울시 구로구 고척로18길  92,
충정로우체국,서울시 서대문구 통일로  127,02-362-0004
백상스타타워 2차,서울시 금천구 가산디지털2로  165,
에이스하이엔드타워6차,서울시 금천구 벚꽃로  234,080-855-3344
강동어린이회관,서울시 강동구 성내로6길 16,02-486-3516
신흥어린이공원 공중화장실,서울시 은평구 증산로21길  25,
시흥4동시범공중화장실,서울시 금천구 독산로54길 6,
원효로2동주민센터,서울시 용산구 효창원로8길  3,02-712-4194
여의도우체국,서울시 영등포구 여의나루로 60,02-783-0014
연세사랑정형외과,서울시 노원구 동일로 1005,
롯데시네마 브로드웨이,서울시 강남구 도산대로8길 8,1544-8855
교육촌어린이집,서울시 노원구 월계로44길 61,02-911-8617
이앤씨드림타워8차,서울시 금천구 가산디지털1로  45,
오주중학교,서울시 송파구 동남로 281,02-3434-7500
석촌중학교,서울시 송파구 송이로15길 13,02-448-4031
수유중학교,서울시 강북구 인수봉로 37-40,02-945-6102
잠실2동주민센터,서울시 송파구 올림픽로 15,02-2147-4630
가원중학교,서울시 송파구 중대로10길 40-18,02-409-2179
월촌중학교,서울시 양천구 목동서로 31,02-2648-8570
영등포우체국,서울시 영등포구 경인로 841,02-2678-0014
홈플러스 목동점,서울시 양천구 목동서로 170,02-2644-2080
E&amp;C벤쳐드림타워3차,서울시 구로구 디지털로31길 38-21,010-7360-****
성덕여자상업고등학교,서울시 강동구 구천면로  396,02-475-4620~5
오금공원인라인장화장실,서울시 송파구 오금로 363,02-2147-3380
봉원공용화장실,서울시 서대문구 봉원사길 101-18,
공중화장실6호,서울시 구로구 구로동로17길 66,
목련공원화장실,서울시 송파구 동남로24길 25,
묵1동주민센터,서울시 중랑구 공릉로2가길 5,02-2094-6400
석플란트 치과,서울시 강남구 도산대로 238,02-555-0001
관악고,서울시 영등포구 영등포로6길 26,02-2633-5954
해성국제컨벤션고등학교,서울시 동대문구 전농로20길 31,070-8786-1300
등촌동 구립도서관,서울시 강서구 강서로62길  48,02-3664-6990
구암중학교,서울시 관악구 성현로 53,02-881-2999
태영빌딩석계Plus어학원,서울시 성북구 한천로76다길 46,02-966-6455
연희동빌딩(ECC어학원),서울시 서대문구 연희로  160,
아현동주민센터,서울시 마포구 마포대로7길 18,02-3153-6530
영등포중학교,서울시 동작구 등용로8길 3,02-815-6572
보광동주민센터,서울시 용산구 장문로  95,02-2199-8700
연서중학교,서울시 은평구 증산서길 125-6,02-6715-8104
로하스은평효병원,서울시 은평구 연서로  209,
장위1동주민센터,서울시 성북구 장위로  61,
송정동주민센터,서울시 성동구 동일로43길   13,02-2286-7501
구로1동 주민센터,서울시 구로구 구일로4길 57,02-2620-7200
청담도서관,서울시 강남구 압구정로79길  26,02-540-7042
즐거운어린이집,서울시 강북구 삼각산로 57,
숭인1동사무소,서울시 종로구 지봉로 86,02-2148-5483
노량진2동주민센터,서울시 동작구 장승배기로19길 48,02-812-0903
창동제일의원,서울시 도봉구 노해로65길 17-13,02-900-5011
미아초등학교,서울시 성북구 삼양로  77,02-912-4014
성수중학교,서울시 성동구 서울숲길 18,02-436-4786
문정초등학교,서울시 송파구 문정로5길 20,02-404-7851
갈산초등학교,서울시 양천구 목동로 31,02-2649-7232
강동성모요양병원(별관),서울시 강동구 진황도로 124,02-488-0020
동작중학교,서울시 동작구 동작대로39가길 83,02-591-6595
노원중학교,서울시 노원구 동일로213길 26,070-4032-6409
올림픽병원,서울시 송파구 백제고분로  283,02-1644-2119
동그라미유치원,서울시 동작구 사당로28길 34,02-587-5599
연세바른병원,서울시 동작구 사당로 300,02-1544-8235
서울삼광초등학교,서울시 용산구 두텁바위로1나길  19,02-754-4052
현산부인과,서울시 서초구 방배로  127,02-584-3800
삼선동주민센터,서울시 성북구 보문로  190,02-923-8893
관악문화웨딩홀,서울시 관악구 남부순환로  1440,
연은초등학교,서울시 은평구 백련산로2길 35,02-372-6999
전농동우체국,서울시 동대문구 전농로 131,02-2245-0205
바로선병원,서울시 도봉구 도봉로   628,02-1666-5853
서울숭례초등학교,서울시 성북구 종암로5길 14,02-927-5611
둔촌초등학교,서울시 강동구 양재대로88길 27,02-475-4879
을지초등학교,서울시 노원구 중계로 239,02-951-2742
신월5동주민센터,서울시 양천구 화곡로4길 10,02-2620-4130
상계1동주민센터,서울시 노원구 동일로 1697,02-2116-2743
강남비타에듀학원(경일빌딩),서울시 강남구 영동대로 231,02-555-0040
쌍문초,서울시 도봉구 우이천로   360,02-992-5672
고려대안암병원,서울시 성북구 안암로 148,02-1577-0083
중원초등학교,서울시 노원구 섬밭로 316,02-971-4771
매봉초등학교,서울시 구로구 고척로21길 55,070-8673-5989
화곡1동주민센터,서울시 강서구 곰달래로  79,02-2600-7525
길동초등학교(본관),서울시 강동구 양재대로116길 69,02-475-5591
노원초등학교,서울시 노원구 동일로230나길 32,02-939-1894
공항동주민센터,서울시 강서구 송정로 45,02-2600-7935
서울대신초등학교,서울시 서대문구 이화여대2길 27,02-363-1994
상상마당 라이브홀,서울시 마포구 어울마당로 65,02-330-6212
서대문구보건소 천연분소,서울시 서대문구 독립문로 27,02-3140-8331
중랑구립면목도서관,서울시 중랑구 면목로 397,02-432-4123
논현 정보도서관(구 논현 문화 정보마당),서울시 강남구 학동로  169-1,02-515-1178
서초보건소,서울시 서초구 남부순환로  2584,02-2155-8114
건강보험공단 동대문지사,서울시 동대문구 고산자로 420,1577-1000
대명초등학교,서울시 강동구 상암로 271,02-481-7871
연세사랑병원,서울시 송파구 오금로  173,02-2203-6100
한양대부속초등학교,서울시 성동구 왕십리로 222,02-2295-2360
국립서울맹학교(서울용산초등학교),서울시 용산구 한강대로57길 33,02-795-0782
서울 언북 초등학교,서울시 강남구 삼성로135길 42,02-514-5981
풍납중학교,서울시 송파구 올림픽로43길 20,02-2225-2000
불광중학교,서울시 은평구 불광로 180,02-385-6591
신은초등학교,서울시 양천구 신정이펜2로 30,070-4394-7101
봉화중학교,서울시 중랑구 망우로70길 89,02-433-3180
망원2동주민센터,서울시 마포구 방울내로7길 11,02-3153-6830
신길5동주민센터,서울시 영등포구 도림로 264,02-2670-1304
아현치안센터,서울시 마포구 마포대로 197,02-362-7086
고등법원,서울시 서초구 서초중앙로 157,02-530-1114
남가좌2동주민센터,서울시 서대문구 증가로10길 28,02-330-8137
면목동우체국,서울시 중랑구 면목로 344,02-434-0772 
심청요양병원,서울시 성북구 보문로  86,02-3672-2233
아트홀 맥,서울시 마포구 대흥로 20길28,
연세대학교 백양홀 (구 백주년기념관),서울시 서대문구 연세로 50 연세대학교 백주년기념관,
신원시장 공중화장실,서울시 관악구 신원로3길  20-3,02-854-5453
왕십리2동주민센터,서울시 성동구 무학봉길 69,02-2286-7222
서초3파출소,서울시 서초구 반포대로30길 40,02-582-2120
양천공원 화장실,서울시 양천구 신정로 320,
장앤김수학,서울시 송파구 위례성대로22길 14,
금호프라자(에듀윌학원),서울시 노원구 상계로5길 32,02-3391-3400
정부중앙청사,서울시 종로구 세종대로 209,02-2100-2114
경복여고,서울시 강서구 화곡로63길  40,070-7790-0991
성수동아크밸리,서울시 성동구 성수이로22길   37,
역삼푸른솔도서관,서울시 강남구 테헤란로8길  36,02-2051-1178
월계지구대,서울시 노원구 월계로55길 58,02-994-1404
Y타워,서울시 강남구 논현로 549,
나윤웨딩문화원,서울시 동대문구 망우로 61,
롯데백화점 미아점,서울시 강북구 도봉로 62,02-944-2500
신내1동주민센터,서울시 중랑구 용마산로129나길 35,02-2094-6560 
청담어학원(백송빌딩),서울시 강남구 강남대로94길  30,02-6257-0025
하나연어린이집,서울시 은평구 녹번로 29-2,02-354-8183
강남구청직장어린이집(증축),서울시 강남구 영동대로3길 9,
건영유치원,서울시 관악구 조원로 114,02-858-4130
전일중학교,서울시 동대문구 사가정로13길 67,02-2245-9361
강서세무소,서울시 영등포구 선유로 243,02-2630-4200
영등포한방병원,서울시 영등포구 영신로34길   5,02-2678-8225
로데오,서울시 영등포구 당산로   34,02-2637-7335
국민건강보험공단,서울시 마포구 독막로  311,1577-1000
대륭테크노타운13차,서울시 금천구 가산디지털1로  24,02-2029-5600
중구보건소청사,서울시 중구 다산로39길 16,02-3396-5555
신당타워,서울시 성동구 광나루로   204,
신도림초등학교,서울시 구로구 신도림로19길 44,02-2677-2645
원효로1동주민센터(용산문화체육센터별도),서울시 용산구 백범로 350,02-2199-8480
압구정 예홀,서울시 강남구 신사동 640-2 로빈명풍관 지하1층,
숭인2동주민센터,서울시 종로구 종로65길 10,02-2148-5513
신대방2동주민센터,서울시 동작구 여의대방로24길 106,02-821-1008
세곡도서관,서울시 강남구 밤고개로  286,02-445-0297
이마트 성수점,서울시 성동구 뚝섬로 379,02-3408-1234
가리봉지구대,서울시 구로구 디지털로31길 90,
안암지구대,서울시 성북구 지봉로21길  45,02-926-9520
면목지구대,서울시 중랑구 상봉로 27,02-434-0469
라마드레 산부인과,서울시 강남구 선릉로  535,02-3444-5888
청량리동주민센터,서울시 동대문구 왕산로43다길 5,02-2171-6365
중랑웨딩문화원,서울시 중랑구 망우로 472,
마디병원,서울시 강남구 삼성로 646,02-2056-8000
대림성모병원 건강검진센터,서울시 영등포구 시흥대로183길 7-8,
양천세무소,서울시 양천구 목동동로 165,02-2650-9200
가산비즈니스센터,서울시 금천구 가산디지털1로  165,02-858-2001
한국폴리텍1대학,서울시 용산구 보광로 73,02-2001-4001~4
서울숲 한라에코밸리,서울시 성동구 뚝섬로1길 25,
화곡3동주민센터,서울시 강서구 강서로33가길 17,02-2600-7585
공덕초등학교,서울시 마포구 만리재옛길 13,02-703-6069
경수중학교,서울시 성동구 뚝섬로13길 14,02-464-0675
금옥중학교,서울시 양천구 신정로 213,02-2696-1202
강동연세병원,서울시 강동구 올림픽로 742,02-1899-0102
연세병원,서울시 성동구 왕십리로  296,02-2293-7582
신용산초등학교,서울시 용산구 이촌로  255,02-793-2807
강동미즈문화센터소아청소년과,서울시 강동구 천호대로159길 14,02-483-6606
롯데시네마 피카디리,서울시 종로구 돈화문로 134-2,1544-8855
신당4동주민센터,서울시 중구 다산로 92,02-3396-6800
서강대우체국,서울시 마포구 백범로 35,02-715-0205
베스티안 병원,서울시 강남구 도곡로 429,02-3452-7575
명지성모병원,서울시 영등포구 도림로  156,02-8297-777
노일초등학교,서울시 노원구 동일로 1625,02-951-4394
보광초등학교,서울시 용산구 우사단로 20,02-795-2549
바비페이스 병원,서울시 강남구 강남대로 516,02-1544-2944
잠실4동주민센터,서울시 송파구 올림픽로35길 12,02-2147-4690
드림요양병원,서울시 송파구 송이로 111,02-430-1122
예림어린이집,서울시 강북구 도봉로99길 58,02-904-9400
에반어린이집,서울시 강서구 강서로12길 23-7,02-2601-1398
구현초등학교,서울시 은평구 갈현로15길 51,02-352-5518
친구병원,서울시 강동구 올림픽로 684,02-6969-2000
광동한방병원,서울시 강남구 봉은사로 612,02-2222-4888
성재중학교,서울시 강서구 허준로  36,02-2658-9853
대조초등학교,서울시 은평구 연서로18길 17,02-387-4616
성아유치원,서울시 은평구 응암로14길 21,02-303-6004
고덕중학교,서울시 강동구 동남로82길 94,02-2045-6000
구로전화국,서울시 관악구 조원중앙로1길 26,080-258-1023
호수공원방문자센터,서울시 양천구 남부순환로64길 20,02-2604-3004
현대백화점,서울시 성북구 동소문로  315,02-2117-3355
동안교회,서울시 동대문구 회기로25길 67,02-962-0727
국민건강보험공단 강남서부지사,서울시 강남구 테헤란로28길 3-12,1577-1000
충무아트홀,서울시 중구 정동길 43,02-2230-6601
롯데시네마 강동,서울시 강동구 천호옛길 85,1544-8855
반포3동주민센터,서울시 서초구 신반포로23길 78,02-2155-7651
난곡보건분소,서울시 관악구 난곡로 162,02-881-5705
공항동 화장실(성당옆공원),서울시 강서구 송정로 9,
공중화장실(여의도공원),서울시 영등포구 여의공원로  120,
롯데백화점 노원점,서울시 노원구 동일로 1414,02-950-2500
서울기독대학교,서울시 은평구 갈현로4길 26-2,02-380-2500
독산4동청사,서울시 금천구 독산로 232,02-2627-2509
용마지구대,서울시 중랑구 동일로 566,02-434-3007
롯데몰 김포공항점,서울시 강서구 하늘길  38,02-6116-4000 
메가박스 아트나인,서울시 동작구 동작대로 89,1544-0070
마포아트센터,서울시 마포구 대흥로20길   28,02-3274-8600
김영학원,서울시 서초구 서초중앙로 148,02-594-7033
삼각산중학교,서울시 강북구 삼양로 19-141,02-986-0196
엔진 미술학원(재석빌딩),서울시 강남구 강남대로110길 26,02-539-1535
동명근린공원 공중화장실,서울시 강동구 아리수로78길 43-1,02-480-1395
성산1동주민센터,서울시 마포구 성산로4길  15,02-3153-6890
화곡보건분소,서울시 강서구 월정로30길  96,02-2600-5352
이마트 공항점,서울시 강서구 하늘길 76,02-2166-1234
당산동 그랜드 컨벤션센타,서울시 영등포구 양평로 58,
대한건축사협회,서울시 서초구 효령로  317,
꿈돌이공원(화장실),서울시 강서구 화곡로42가길 1,
개롱공원 공중화장실,서울시 송파구 동남로 178,
노량진우체국,서울시 동작구 노량진로 224,02-812-9052
흑석동주민센터,서울시 동작구 흑석한강로 11,02-815-1046
현대백화점,서울시 서대문구 신촌로 83,02-3145-2233
메디힐병원본관,서울시 양천구 남부순환로 331,02-2604-7551
금호1가동주민센터,서울시 성동구 행당로 15,02-2286-7341
서초4동주민센터,서울시 서초구 서운로26길 3,02-2155-7494
성심메디컬의원,서울시 중랑구 용마산로 503,
중평중학교,서울시 노원구 동일로203길 87,02-977-3026
난향초등학교,서울시 관악구 난향길  9,02-839-0291
석촌유치원,서울시 송파구 백제고분로40길 20,070-7124-6692
새보람요양병원,서울시 도봉구 방학로3길  13,02-3492-7888
BREAK OUT 전용극장,서울시 종로구 관철동 33-1,
쉐라톤그랜드워커힐호텔 워커힐씨어터,서울시 광진구 워커힐로 177 (광장동),
국립디지털도서관,서울시 서초구 반포로 664,
서울교육문화회관 대극장,서울시 서초구 양재2동 202번지,
시범공중화장실,서울시 은평구 불광로18길  43,
예랑어린이집,서울시 송파구 백제고분로36나길 7,02-416-2515
성원중학교,서울시 성동구 성덕정9가길 13,02-3408-2552
국립공원생태탐방연수원꿈앤들,서울시 도봉구 도봉산길 86,02-909-3693
인헌고등학교,서울시 관악구 인헌9길 74,02-886-6253
동북고등학교,서울시 강동구 강동대로  305,02-482-2860
한교고시학원,서울시 동작구 장승배기로 171,02-814-9300
한가람고등학교,서울시 양천구 목동서로 15,02-2642-3862
오정초등학교,서울시 구로구 경인로2길 10,02-2686-3165
성내중학교,서울시 강동구 성안로7길 36,02-470-6453
아이빌어린이집,서울시 구로구 개봉로11길 46-23,02-2616-0025
선곡초등학교,서울시 노원구 광운로2길 1,02-918-6458
성내동우체국,서울시 강동구 양재대로 134,02-471-0205
예원아트어린이집,서울시 송파구 가락로 256,02-419-9441
하나효요양원,서울시 은평구 서오릉로  149,02-356-7007
천사마을어린이집,서울시 금천구 독산로24길 19,02-892-8004
서울 영신고등학교,서울시 영등포구 대방천로14길 18,070-4018-7239
반포4동주민센터,서울시 서초구 사평대로28길 70,02-2155-7681
상봉2동치안센터,서울시 중랑구 봉우재로  93-5,
홍은2동주민센터,서울시 서대문구 모래내로 334,02-330-8133
하영빌딩(한국마사회),서울시 강동구 구천면로 244,
사당동우체국,서울시 동작구 동작대로 75,02-583-2005
청솔한의원,서울시 동작구 국사봉1길 3,02-825-8846 
홈플러스 월곡점,서울시 성북구 화랑로 76,02-3669-8000
국립국악원,서울시 서초구 서초동 남부순환로 2364,
예술의 전당,서울시 서초구 서초동 700,
월계3동우체국,서울시 노원구 마들로 57-1,02-974-1005
올림픽 예술극장 (K-아트홀 태권도공연장),서울시 송파구 방이동 88 올림픽공원 올림픽문화센터 내,
신내초등학교,서울시 중랑구 용마산로125나길  22,02-2207-0501
비타에듀학원,서울시 동작구 노량진로 190,02-812-8882
서울안천초등학교,서울시 금천구 한내로 69-16,02-894-0858
원묵고등학교,서울시 중랑구 숙선옹주로 82,02-3422-5700
시립북부노인병원,서울시 중랑구 양원역로 38,02-2036-0200
선사고등학교,서울시 강동구 고덕로25길 17,02-426-1749
신일고등학교,서울시 강북구 솔매로 49-20,02-989-4151
가든5 Works관,서울시 송파구 충민로 52,02-2047-1006
신세계백화점 영등포점,서울시 영등포구 영중로 9,02-1588-1234
양천도서관,서울시 양천구 목동서로 113,02-2062-3900
공중화장실 14호,서울시 구로구 부일로9길 90-2,
고척1동주민센터,서울시 구로구 중앙로3길 18-8,02-2620-7800
장지동주민센터,서울시 송파구 새말로1길 6,02-2147-4570
역삼2동 주민센터(문화센터),서울시 강남구 도곡로43길  25,02-3423-7370
이화여대 국제기숙사,서울시 서대문구 이화여대길 52,02-3277-6005
선린중학교,서울시 용산구 원효로97길 33-4,02-713-6214/070-8686-6400
세브란스 어린이집,서울시 서대문구 연대동문길 41,
힘찬병원,서울시 은평구 서오릉로  45,02-1577-9229
국립재활원,서울시 강북구 삼각산로 58,02-901-1700
서울예술고등학교,서울시 종로구 평창문화로 70,02-2287-0500
이문1동주민센터,서울시 동대문구 외대역동로  114-1,02-2171-6462
종로 5.6가 주민센터,서울시 종로구 종로35가길 19,02-2148-5273
세종어린이집,서울시 은평구 갈현로 132,02-352-6775
문정1동주민센터,서울시 송파구 동남로  116,02-2147-4510
이엘치과의원,서울시 영등포구 당산로 223,02-2671-2755
점프 전용관,서울시 종로구 관철동 33-1,
마포농수산물시장,서울시 마포구 월드컵로  235,
사당4동주민센터,서울시 동작구 사당로16아길 6,02-585-0050
동선동주민센터,서울시 성북구 동소문로26길  27,02-924-2641
중앙병원장례식장,서울시 강서구 방화동로  12,02-2664-6668
인헌동 복합청사,서울시 관악구 남부순환로246가길  20,02-879-4441
황학동주민센터,서울시 중구 난계로11길 52,02-3396-6890
우림 라이온스밸리,서울시 금천구 가산디지털1로  168,
서울등촌초등학교,서울시 강서구 등촌로39길  71,02-2653-9374
정독도서관,서울시 종로구 북촌로5길 48,02-2011-5799
백암고등학교,서울시 양천구 신정로13길 16,02-2696-0110
서울관광고등학교,서울시 관악구 은천로15길 25,02-886-9165
성북메가스터디학원,서울시 성북구 아리랑로  17,02-927-8001
경인중학교,서울시 구로구 경인로 301,02-2612-6508
서울동의초등학교,서울시 광진구 영화사로 111,02-447-2709
태강삼육초등학교,서울시 노원구 화랑로 815,02-972-3672
신정초등학교,서울시 강서구 곰달래로31가길  27,02-2698-3760
효문고,서울시 도봉구 우이천로 432,02-992-0778
성암국제여자고등학교,서울시 강북구 도봉로 29-52,02-2179-1888
청량고등학교,서울시 동대문구 왕산로 303,02-959-4362
신촌우체국,서울시 서대문구 신촌로 161,02-313-0901
창전우체국,서울시 마포구 독막로20길  42,02-333-6118
서울요양병원,서울시 동작구 성대로 43,02-3445-7575
연세무척나은병원,서울시 광진구 천호대로 568-1,02-3425-8200
리틀팰리스 어린이집,서울시 영등포구 도림로41길 20-1,02-849-3026
서울외과,서울시 송파구 백제고분로  214,02-2202-6006
공중화장실,서울시 동대문구 전농로 199-56,
사자암공중화장실,서울시 동작구 국사봉1길 235-14,02-825-1046
월계1동주민센터,서울시 노원구 석계로 59,02-2116-2415
이촌1동주민센터,서울시 용산구 이촌로71길 24,02-2199-8580
중화2동주민센터,서울시 중랑구 봉화산로3길 28,02-2094-6360
삼청파출소,서울시 종로구 삼청로 66,02-732-1034
화랑대지구대,서울시 노원구 동일로 1034,02-978-7621
방학1동주민센터,서울시 도봉구 방학로2길  27,02-2091-5885
숙명여대 다목적관,서울시 용산구 청파로47길  100,
하나고등학교,서울시 은평구 연서로 535,02-6913-1111
국제영어대학원대학교,서울시 강동구 양재대로81길  17,02-6477-5114
시설관리공단,서울시 성동구 청계천로   540,02-2290-6114
아이숲어린이집,서울시 은평구 연서로35길 6-1,02-356-9004
경동고등학교본관,서울시 성북구 보문로29길  49,02-928-2077
성현동 주민센터,서울시 관악구 구암길 38,02-879-4261
예닮요양병원,서울시 강동구 양재대로 1461,070-8146-6892
등촌3동주민센터,서울시 강서구 화곡로63길  96,02-2600-7445
수락산우체국,서울시 노원구 동일로 1693-6,02-933-6508
명덕여자고등학교,서울시 강서구 강서로47길  34-10,02-2664-8814
해피아이어린이집,서울시 강서구 양천로14길  118,
서울남부지방법원,서울시 양천구 신월로 386,02-2192-1114
사범대학부속고등학교정보센터,서울시 광진구 능동로 120,070-7012-3500
미성어린이집,서울시 은평구 은평로 182-8,02-354-3562
배재고 다목적홀,서울시 강동구 고덕로 227,02-441-8171
강서고등학교,서울시 양천구 목동중앙남로 27,02-2642-0725
명동청사및남산문화예술회관,서울시 중구 한강대로 410,
보문효사랑병원,서울시 성북구 보문로 46,02-929-3355
발산파출소,서울시 강서구 수명로2길  46,02-2662-0330
공중화장실 23호,서울시 구로구 고척로45길 1,
신길우체국,서울시 영등포구 여의대방로  161,02-843-1005
신당3동주민센터,서울시 중구 다산로 211,02-3396-6770
가회동주민센터,서울시 종로구 북촌로  35,02-2148-5215
서울광진학교,서울시 광진구 강변역로 18,02-455-2108
성일초등학교,서울시 강동구 성내로15길 33,02-475-4641
별산솔어린이집,서울시 은평구 불광로13길 22,02-389-2977
성신여자대학교 성신관,서울시 성북구 보문로34다길  2,02-920-7114
숭실호스피탈리티학원,서울시 동작구 사당로 57,070-8893-8761
김재규경찰학원,서울시 영등포구 영등포로  414,02-823-3112
수서 청소년 수련관,서울시 강남구 봉은사로114길 43,02-2226-3611
시사영어사,서울시 종로구 종로 104,02-2278-0509
아이지에스이랭귀지센터,서울시 강동구 성안로 7-13,02-6477-5155
GS타워 소극장,서울시 강남구 역삼1동 679-1 GS타워 25층,
용산구보건소,서울시 용산구 반포대로 150,02-2199-8012
문래동주민센터,서울시 영등포구 문래로28길  15,02-2670-1174
하이마트,서울시 강북구 노해로 1,02-991-5050
이마트(구로점),서울시 구로구 디지털로32길 43,02-2009-1234
명지대학교 행정동,서울시 서대문구 거북골로 34,
녹십초한방병원,서울시 동작구 시흥대로 634,02-848-0100
배문중학교,서울시 용산구 효창원로  258,02-3480-7285
성산중학교,서울시 마포구 성지1길 32-13,02-332-0307
서울광희초등학교,서울시 중구 퇴계로 97,02-2238-8455
창림초,서울시 도봉구 덕릉로63길  46,02-992-8633
신구중학교,서울시 강남구 압구정로36길 17,02-548-5038
진명여자고등학교,서울시 양천구 목동로  170,02-2643-1711
서울대근대법학교육144주년기념관,서울시 관악구 관악로 1,
예식장노블웨딩,서울시 강동구 강동대로 143-52,
서울신내요양병원,서울시 중랑구 용마산로 622,02-3422-1911
강동우체국,서울시 강동구 양재대로112길 57,02-440-2828
홍대 비보이 전용극장,서울시 마포구 와우산로 121 삼진제약BD 지하1층,
삼양동주민센터,서울시 강북구 삼양로 268,02-901-2014
성북동주민센터,서울시 성북구 성북로 33,02-747-8110
영훈초등학교,서울시 강북구 도봉로13가길 19,02-944-7830
CGV불광,서울시 은평구 불광로  20,1544-1122
흑석동우체국,서울시 동작구 서달로15길 13,02-812-9053
아이파크몰,서울시 용산구 한강대로23길 55,02-2012-0101
갤러리아백화점WEST,서울시 강남구 압구정로 343,02-3449-4114
가락본동주민센터,서울시 송파구 송파대로28길 3,02-2147-4420
관악구보건소,서울시 관악구 관악로  145,02-879-7010
신촌동주민센터,서울시 서대문구 이화여대길 92-8,02-330-8111
답십리우체국,서울시 동대문구 사가정로 7,02-2245-0115
동대문패션TV,서울시 중구 퇴계로 387,
제기동주민센터,서울시 동대문구 약령시로17길 59-11,02-2171-6065
문정2동주민센터,서울시 송파구 중대로 16,02-2147-4540
명일1동 주민센터,서울시 강동구 양재대로138길 37,02-3425-7460
중구보건분소청사,서울시 중구 다산로 253,
중구 구립도서관,서울시 중구 퇴계로12길 17,02-2280-8470
하계1동주민센터,서울시 노원구 노원로 261,02-2116-2562
ECCplus학원,서울시 성북구 아리랑로 7,02-927-0509
중구청소년수련관,서울시 중구 다산로36길 109,02-2250-0500
장로회신학대학교명성관.소망관기숙사,서울시 광진구 광장로5길 25-1,02-450-0700
누오어린이집,서울시 은평구 서오릉로17길 10-5,
배문고등학교,서울시 용산구 효창원로 258,02-3480-7100
서계학원,서울시 동대문구 황물로 42,02-2243-1259
오금공원화장실,서울시 송파구 오금로 363,02-2147-3380
사근동주민센터,서울시 성동구 사근동길  45-8,02-2286-7262
은평경찰서,서울시 은평구 연서로 363,02-356-0112
우천학원,서울시 서초구 효령로 366,02-584-6851
북가좌1동주민센터,서울시 서대문구 거북골로19길 21,02-330-8139
한성빌딩(규림한의원),서울시 양천구 목동로 201,02-2607-1075 
양병원,서울시 강동구 천호대로  1159,02-480-8000
위담한방병원,서울시 강남구 역삼로 430,02-556-1133
새록어린이공원화장실,서울시 은평구 은평로13길  35,
개포1동 주민센터,서울시 강남구 개포로 310-17,02-3423-7670
연세대학교 B2.외래진료소,서울시 서대문구 연세로  50,
한서초등학교,서울시 마포구 대흥로24바길 27,02-716-4914
서울여자대학교 부속유치원,서울시 노원구 화랑로 621,02-970-5353
신방학초,서울시 도봉구 시루봉로  173,02-956-6508
서울숲코오롱디지털타워3,서울시 성동구 아차산로 49,02-2117-0985
도봉숲속마을,서울시 도봉구 도봉산길  54-14,02-954-0203
행복한 꿀벌 어린이집,서울시 송파구 삼전로14길 21,
E&amp;C벤쳐드림타워5차,서울시 구로구 디지털로31길 53,
선사어린이집,서울시 강동구 상암로3길 70,02-3426-1148
오류고등학교,서울시 구로구 오리로21길 2,02-2684-2300
동작구청,서울시 동작구 장승배기로 161,02-820-1114
문정중학교,서울시 송파구 문정로 73,02-448-6348
공항중학교,서울시 강서구 방화대로  241,02-2662-0471
서울청탑입시학원,서울시 동작구 노량진로 114,02-817-3333
세브란스 어린이집,서울시 서대문구 증가로30길 41,02-312-7991
이수어린이집,서울시 동작구 동작대로35사길 13,02-591-7634
하랑숲어린이집,서울시 동작구 동작대로41길 7,
KT 양재지점,서울시 강남구 남부순환로 2653,080-258-1025
한누리치과병원,서울시 중구 수표로 31,02-753-1922
경찰병원,서울시 송파구 송이로 123,02-3400-1114
2001아울렛중계점,서울시 노원구 동일로204가길 46,02-948-2001
대림성모병원,서울시 영등포구 시흥대로 657,02-8299-000
강남세브란스,서울시 강남구 언주로 211,02-1599-6114
서울선병원,서울시 중랑구 망우로 373,02-436-1900
맑은수병원,서울시 동대문구 천호대로83길 44,02-2681-0119
종로5가우체국,서울시 종로구 종로 207,02-763-0004
마천1동주민센터,서울시 송파구 마천로 343,02-2147-4120
우림어린이집,서울시 은평구 연서로18길 7,02-357-2235
차병원(별관),서울시 강남구 논현로 566,02-3468-3000
연세대학교 재활병원,서울시 서대문구 연세로 50,02-1599-1004
마리오아울렛3,서울시 금천구 벚꽃로  266,
장스여성병원,서울시 중랑구 망우로 411,02-490-4000
베드로병원(증축 및 대수선),서울시 강남구 남부순환로 2633,02-1544-7522
성심고려병원,서울시 금천구 범안로 1191,02-805-6797
삼육의료원건강검진센터,서울시 동대문구 망우로 8,02-1577-3675
강서우체국,서울시 강서구 강서로  448,02-2660-8913
샘터파랑새극장,서울시 종로구 동숭동 1-115,
미래클유치원,서울시 강서구 수명로1길 1,02-2667-7979
영서초등학교,서울시 구로구 구로동로  165-1,02-838-5212
신현중학교,서울시 중랑구 봉화산로 162,02-3421-0631
장승중학교,서울시 동작구 장승배기로10가길 25,02-812-4415
덕암초등학교,서울시 노원구 덕릉로112길 68,02-3392-0058
강동한방병원,서울시 강동구 양재대로  1554,02-455-4500
이지애 성형외과 병원,서울시 강남구 압구정로30길 67,080-500-2080
영림중학교,서울시 구로구 가마산로27길 17,02-859-0322
선의노인전문병원,서울시 노원구 동일로 1419,02-3391-3992
W병원,서울시 관악구 남부순환로  1640,
소망어린이집,서울시 송파구 백제고분로27길 25,02-2202-4610
장훈고등학교,서울시 영등포구 영등포로64길 26,02-842-6921
영등포공고,서울시 강서구 허준로5길  15,02-2659-2983
개포도서관,서울시 강남구 남부순환로391길 19,02-3462-1989
월계고등학교,서울시 노원구 초안산로5길 66,02-900-0063
상현중학교,서울시 동작구 사당로2길 2-19,02-815-5375
청룡동 주민센터,서울시 관악구 쑥고개로  44,02-879-4381
명지대인문캠퍼스종합학술관,서울시 서대문구 거북골로 34,1577-0020
연세대학교 체육관,서울시 서대문구 연세로  50,02-2123-3781
이화여대부속초등학교,서울시 서대문구 성산로 519-39,02-362-6179
연북중학교,서울시 서대문구 연희로36길  32,02-332-7378
서울홍제초등학교,서울시 서대문구 세검정로1길  85,02-396-7235
서울대환경안전원,서울시 관악구 관악로  1,02-880-5500
정릉3동주민센터,서울시 성북구 솔샘로1길 6-3,02-941-2651
서교우체국,서울시 마포구 양화로  62,02-332-0288
수유동우체국,서울시 강북구 삼양로 468,02-903-0031 
연화공원화장실,서울시 송파구 새말로15길 17-5,
회기동주민센터,서울시 동대문구 회기로25길 12-1,02-2171-6402
신원동주민센터,서울시 관악구 남부순환로198길 7,02-879-4711
메가박스 수유,서울시 강북구 도봉로 399,1544-0070
두봉빌딩,서울시 동대문구 장한로2길 33,
경희대학교우체국,서울시 동대문구 회기로 1,02-964-8233
오륜동우체국,서울시 송파구 양재대로 1218,02-404-0205
거원중학교,서울시 송파구 양산로2길  30,02-405-4200
서울성모병원 ,서울시 서초구 반포대로  222,02-155-1511
연세대학교 심장혈관병원,서울시 서대문구 연세로  50,02-1599-1004
금호1가보건분소,서울시 성동구 금호로  114,02-2286-7102
블루스퀘어,서울시 용산구 이태원로 294,
발산1동주민센터,서울시 강서구 강서로47길  54,02-2600-7895
백석중학교,서울시 강서구 등촌로51나길 35,02-2644-2886
미양중학교,서울시 강북구 인수봉로 39,02-981-6872
중계중학교,서울시 노원구 덕릉로76길 23,02-932-2545
연세대학교 유진하이마트어린이집,서울시 서대문구 연세로 50,02-2123-8266
계성초등학교,서울시 서초구 신반포로19길 23,02-590-5500
은빛키즈어린이집,서울시 송파구 백제고분로22길 35,
서원동주민센터,서울시 관악구 관악로 255-7,02-879-4681
그린 컴퓨터 아트 학원(만이빌딩),서울시 강남구 강남대로  428,02-3481-1005
프리모빌딩(강남청솔학원),서울시 노원구 노원로 464,
동대문도서관,서울시 동대문구 천호대로4길 22,02-2254-1844
성덕어린이집,서울시 동작구 등용로 27,
동작고등학교,서울시 동작구 솔밭로 47,02-588-4197
구로경찰서,서울시 구로구 가마산로 235,02-862-0112
이익훈 어학원,서울시 종로구 청계천로 67,02-723-3333
신일중학교,서울시 강북구 솔매로 49-20,02-989-4151
한별어린이집,서울시 강남구 봉은사로51길 42,02-569-8711
도봉보건소,서울시 도봉구 방학로3길 117,02-2091-4402
대치중학교,서울시 강남구 남부순환로378길 39,02-572-9781
테마프라자(씨앤씨학원),서울시 양천구 목동서로 389,02-2643-2025
신사교육연구학원,서울시 은평구 증산로 375,02-308-8661
유정유치원,서울시 송파구 충민로 177,02-408-3408
대진유치원,서울시 마포구 성미산로  110,02-334-0161
등촌제일유치원,서울시 강서구 화곡로66길 118,
잠전초등학교,서울시 송파구 올림픽로12길 51,02-423-5625
안평초등학교,서울시 동대문구 장한로14길 81,02-2214-0258
이문초등학교,서울시 동대문구 신이문로 16,02-957-8141
난타전용관(홍대),서울시 마포구 양화로16길 29 옐로우다이아몬드 지하 23층,
가양동우체국,서울시 강서구 허준로 95-5,02-2668-0100
용산등기소,서울시 용산구 백범로90길 32,
중화1동주민센터,서울시 중랑구 동일로134길 17,02-2094-6320
사당2동주민센터,서울시 동작구 동작대로29길 63-26,02-534-0010
암사1동 주민센터,서울시 강동구 올림픽로8가길 57,02-3425-7580
대방지구대,서울시 동작구 신대방1다길 24,02-821-2431
신사1동 주민센터,서울시 은평구 은평로2길 2,02-351-5332
장안1동주민센터,서울시 동대문구 한천로18길 52,02-2171-6282
개포 고등학교,서울시 강남구 개포로 402,02-576-3333
거여초등학교,서울시 송파구 마천로25길 18,02-400-9335
위례초등학교,서울시 강동구 명일로 23,02-489-0061
영화초등학교,서울시 동작구 등용로8길 3,02-824-6051
방학중,서울시 도봉구 시루봉로  188,02-956-8343
신연중학교,서울시 서대문구 모래내로 408,02-379-4317
늘사랑유치원,서울시 강동구 아리수로98길 62,02-3426-8700
군자초등학교,서울시 동대문구 한천로6길 21,02-2244-0488
마천초등학교,서울시 송파구 마천로61다길 24,02-400-6773
더 조은병원,서울시 강남구 논현로 705,02-1588-0852
대학동주민센터,서울시 관악구 봉천로 279-8,02-879-4801
ACE테크노타워8차,서울시 구로구 디지털로33길 11,
동대문우체국,서울시 동대문구 천호대로 4,02-2252-0014
서울북부지방법원,서울시 도봉구 마들로  749,02-910-3114
LG가산디지털센터,서울시 금천구 가산디지털1로  189,
송파참병원,서울시 송파구 마천로 164,02-409-2114
KT신촌지사(신촌전화국),서울시 마포구 월드컵북로2길 65,02-335-0800/1577-7329
달빛마루도서관,서울시 성북구 종암로  167,02-911-0993
휘경파출소,서울시 동대문구 망우로20길 1,02-2244-2301
길음1동주민센터,서울시 성북구 길음로 92,02-919-6560
방범CCTV관제센터,서울시 중랑구 봉우재로6길 5,
휘경동우체국,서울시 동대문구 회기로 201,02-965-2336 
더블유웨딩,서울시 중랑구 동일로  922,
빌라드 베일리,서울시 강남구 도산대로 150,
신방학중,서울시 도봉구 시루봉로 156,02-956-8234
천호유치원,서울시 강동구 구천면로  238,02-470-1633
연세대학교 B14.일반병동,서울시 서대문구 연세로  50,02-1599-1004
밀레니엄차과 병원 ,서울시 종로구 종로 78,02-732-2875
개봉초등학교,서울시 구로구 개봉로16길 30-11,02-2612-6058
롯데마트,서울시 구로구 경인로 482,02-2639-2500
강동아트센터,서울시 강동구 동남로 874,
성산2동우체국,서울시 마포구 월드컵북로 227,02-306-2006
천일중학교,서울시 강동구 천중로 57,02-475-1806
태릉중학교,서울시 중랑구 공릉로2길  60-25,02-973-4356
동부교육청,서울시 동대문구 전농로 168,02-2217-7323
한서고등학교,서울시 강서구 양천로11길  47,02-2664-3535
세일학원,서울시 노원구 중계로 206,02-951-3131
벽산디지털밸리,서울시 영등포구 경인로71길   70,02-2677-1400
이-글타운아파트형공장,서울시 성동구 광나루로6길  20,
한국요꼬가와전기 양평동사옥,서울시 영등포구 선유로45길 21,02-2628-6000
강동전화국,서울시 강동구 천호대로175길 39,1577-7314
뉴솔로몬어린이집,서울시 중랑구 용마공원로5길 15,02-495-0101
샛별사랑어린이집,서울시 도봉구 해등로17길 109,02-903-5933
모안미술학원,서울시 성북구 화랑로19길 67,02-915-3916
남사초등학교,서울시 동작구 동작대로13길 22,02-522-0333
숙명 여자 중학교,서울시 강남구 남부순환로 2807,02-3462-0642
서울인왕초등학교,서울시 서대문구 세무서길 33-9,02-395-4094
강남을지병원,서울시 강남구 도산대로 202,02-1899-0001
을지병원(행정동),서울시 노원구 공릉로59나길 52,02-1899-0001
서울복지병원,서울시 영등포구 도림로  142,02-845-0777
강북예치과병원,서울시 노원구 노해로 480,02-938-2833
한국원자력의학원자력병원,서울시 노원구 노원로 75,02-970-2114
신우요양병원,서울시 동대문구 한천로 207,02-2214-7582
중앙대우체국,서울시 동작구 흑석로10다길 7,02-812-9050
장안2동주민센터,서울시 동대문구 사가정로 230-1,02-2171-6342
월곡파출소(개운지구대),서울시 성북구 종암로32길 5,02-919-9417
한강로파출소(용산파크타워142동 1층),서울시 용산구 서빙고로 67,02-795-0848
LIG아트홀,서울시 강남구 테헤란로  117,02-6900-3900
도봉1동우체국,서울시 도봉구 도봉로  871,02-954-1698
증산동주민센터,서울시 은평구 증산서길 89,02-351-5395
아이스타어린이집,서울시 강북구 삼양로114길 14,
녹번동 노유자 신축(예쁜꿈어린이집),서울시 은평구 통일로63길  20,
꽃들정원어린이집,서울시 은평구 가좌로12길 20-19,02-359-4677
신월5동파출소,서울시 양천구 남부순환로31길 37,02-2693-0113
당산초등학교,서울시 영등포구 선유로55길 32,02-2633-3850
서울병원,서울시 은평구 진흥로  191,02-357-0515
신라호텔,서울시 중구 충무로 61,
성애병원 본관,서울시 영등포구 여의대방로53길 22,02-8407-114
서울문성초등학교,서울시 금천구 시흥대로 460,02-867-1669
서울밝은세상 안과(한양타운),서울시 강남구 선릉로 823,02-3443-0880
동일초등학교,서울시 노원구 한글비석로 566,02-935-8225
월계초등학교,서울시 노원구 월계로45가길 10,02-999-2381
서울과학기술대 아름관,서울시 노원구 공릉로 232,02-970-6114
시사일본어학원,서울시 종로구 삼일대로17길 16,02-742-1595
서울과학기술대 제2학생회관,서울시 노원구 공릉로 232,02-970-6114
천일초등학교,서울시 강동구 구천면로  266,02-472-8700
명보극장,서울시 중구 마른내로 47,02-2274-2121
중경고등학교,서울시 용산구 이촌로84길  34,02-793-4154
꿈꾸는도서관,서울시 강서구 공항대로  615,02-3663-4025
창도초,서울시 도봉구 방학로  32-28,02-3492-0008
중계초등학교,서울시 노원구 한글비석로19길 39,02-930-6004
코오롱싸이언스벨리2차,서울시 구로구 디지털로34길 55,02-850-3150
서울숲하라시그마밸리,서울시 성동구 성수이로 51,
목동고등학교,서울시 양천구 목동동로2길 68,02-2652-1701
신길지구대,서울시 영등포구 신길로60다길  16,02-842-3386 
지성어린이집,서울시 강북구 노해로13길 22,02-903-2435
면목7동 주민센터,서울시 중랑구 면목로 298,02-2094-6200
역말공원화장실,서울시 은평구 갈현로14길 32,
이마트 상봉점,서울시 중랑구 상봉로 118,02-490-1234
시립은평병원,서울시 은평구 백련산로 90,02-300-8114
목1동주민센터,서울시 양천구 목동서로 192,02-2620-3942
북부고용지원센터,서울시 노원구 노해로 450,02-2171-1700
이호어린이집,서울시 강동구 풍성로38길 14,02-477-2555
구립우아세어린이집,서울시 동대문구 답십리로48길 38,02-2216-3355
청색시대미술학원,서울시 중랑구 망우로 267,02-432-1421
사임당어린이집,서울시 관악구 난곡로59길  16,02-852-9900
동산정보산업고등학교,서울시 노원구 공릉로 257,02-971-0903
숭의여자고등학교,서울시 동작구 여의대방로36길 79,02-810-7800
한성여자고등학교,서울시 성북구 삼선교로16길  116,02-742-2845
정보학원(동호빌딩),서울시 강남구 남부순환로 2942,
청암중고등학교,서울시 노원구 중계로 244,02-930-6511
성남고등학교,서울시 동작구 대방동길 74,02-815-1334
상일동 주민센터,서울시 강동구 고덕로84길 111,02-3425-7430 
남태령지구대,서울시 서초구 동작대로 34,02-582-8410
랜드시네마,서울시 용산구 청파로  74,
정릉우체국,서울시 성북구 보국문로 12,02-914-0041
강남컨벤션 헤리츠,서울시 강남구 논현로 662,
목3동주민센터,서울시 양천구 목동중앙남로16나길 55,02-2620-3980
유마어린이집,서울시 동대문구 제기로31길 10-3,
서울의료원장례식장,서울시 강남구 봉은사로114길 43,02-3430-0226
휘경초등학교,서울시 동대문구 망우로6길 48,02-2244-4941
사당초등학교,서울시 관악구 남현4길 51,02-522-4180
서울영림초등학교,서울시 영등포구 시흥대로173길 14,02-834-3184
서울장안초등학교가동(본관),서울시 광진구 군자로  74,02-469-5264
둔촌중학교,서울시 강동구 진황도로61길 25-30,02-474-3981
상경초등학교,서울시 노원구 수락산로 237,02-937-3147
방학초,서울시 도봉구 도당로9길   34,02-3492-2226
휘봉초등학교,서울시 동대문구 장안벚꽃로  309,02-2248-4644
성암국제여자중학교,서울시 강북구 도봉로 29-52,02-2179-1813
월촌초등학교,서울시 양천구 목동중앙로 132,02-2647-3666
가곡초등학교,서울시 강서구 공항대로36길  74,02-2661-5995
당서초등학교,서울시 영등포구 당산로  187,02-2675-4532
튼튼병원,서울시 동대문구 답십리로 261,
문화체육관광부,서울시 종로구 창경궁로 215,044-203-2000
불광어린이집,서울시 은평구 연서로34길 28,02-389-3122
이화어학원,서울시 관악구 남부순환로 1686,
강남웨딩문화원,서울시 영등포구 시흥대로  599,
송파구청,서울시 송파구 올림픽로 326,02-2147-2000
정상어학원(반석빌딩),서울시 마포구 서강로 119,02-326-1161
청솔학원,서울시 강남구 도곡로 454,02-556-9001
E&amp;C벤쳐드림타워2차,서울시 구로구 디지털로33길 55,
엄마품어린이집,서울시 송파구 오금로31길 19,02-413-8668
오륜초등학교,서울시 송파구 양재대로 1196,02-403-8823
아시아미디어타워,서울시 중구 충무로 29,02-2200-4120
나래어린이집,서울시 구로구 고척로1길  14-41,02-2615-7978
예술문화대학,서울시 광진구 능동로 120,02-450-3770
강신초등학교,서울시 양천구 월정로 280,02-2697-3035
봉천전화국,서울시 관악구 청룡1길  34,080-258-1032
여의도여자고등학교,서울시 영등포구 국제금융로7가길 13,02-3780-4400
온수초등학교,서울시 구로구 부일로 893,02-2684-4902
신정3동우체국,서울시 양천구 남부순환로 364,02-2698-0204 
광나루지구대,서울시 광진구 아차산로 567,02-457-0112
양원초등학교,서울시 양천구 화곡로 16,02-2696-6357
상계초등학교,서울시 노원구 상계로9길 39,02-936-6014
한강중학교,서울시 용산구 녹사평대로 73,02-794-1792
삼청공원 공중화장실,서울시 종로구 북촌로 134-3,02-731-0320
창신1동 주민센터,서울시 종로구 지봉로 8-6,02-2148-5393
성수1가2동주민센터,서울시 성동구 왕십리로5길   3,02-2286-7441
공덕지구대,서울시 마포구 만리재로 14,02-703-0492 
미리내어린이집,서울시 중랑구 용마산로116길 58,
목동라테라산후조리원,서울시 강서구 등촌로  45,02-2653-3588
먹골순찰지구대,서울시 중랑구 숙선옹주로7길 1,02-973-4702
MVP성형외과,서울시 강남구 논현로 819,02-3442-6669
공중화장실,서울시 금천구 시흥대로144길 17,
동묘공원 공중화장실,서울시 종로구 난계로27길 84,
방이공원화장실,서울시 송파구 백제고분로 48,
청림동주민센터,서울시 관악구 관악로 304,02-879-4321
신당1동주민센터,서울시 중구 세종대로 110,02-3396-6710
도곡치안센터,서울시 강남구 남부순환로378길  29,02-576-0112
대륭테크노타운8,서울시 금천구 가마산로  96,
금호23가동주민센터,서울시 성동구 무수막18길 1,02-2286-7361
관악구청,서울시 관악구 남부순환로 1435,02-879-5000
가동초등학교,서울시 송파구 중대로20길 47,02-448-5766
남서울교회어린이집,서울시 서초구 신반포로 131,02-599-0069
문일중학교,서울시 금천구 시흥대로47길 45,02-802-2301
신정여자상업고등학교,서울시 강서구 등촌로13아길  20,02-2644-3542
서일대학교,서울시 중랑구 용마산로90길 28,02-490-7300
혜원여자고등학교,서울시 중랑구 봉우재로58길  39,02-434-5946
평창동 주민센터,서울시 종로구 세검정로 347,02-2148-5123
파워스빌딩(린산부인과 입원동),서울시 동대문구 답십리로 266,02-2244-1212
성동고등학교,서울시 중구 마른내로9길 10,02-2237-2412
신학초,서울시 도봉구 방학로  247-21,02-956-2802
왕십리도선동주민센터,서울시 성동구 무학로10길   6,02-2286-7201
방이1동주민센터,서울시 송파구 위례성대로16길 22,02-2147-4180
본동초등학교,서울시 동작구 노량진로26길 16-40,02-815-1044
석관고등학교,서울시 성북구 한천로70길 30,02-958-1165
용산아트홀,서울시 용산구 이태원동 34-87,
삼청동우체국,서울시 종로구 북촌로 112,02-736-3005
롯데마트,서울시 노원구 노원로 330,02-2092-2500
창1동주민센터,서울시 도봉구 해등로   46,02-2091-5888
경일중학교,서울시 성동구 성수일로 27,02-468-0651
염창치안센터,서울시 강서구 공항대로59다길 80,
신당5동주민센터,서울시 중구 청구로3길 55,02-2231-2072
양재 최의원,서울시 강남구 남부순환로  2725,02-575-8222
석관우체국,서울시 성북구 화랑로 203,02-915-6800 
문래지구대,서울시 영등포구 경인로  759,02-2633-5060
양재지구대,서울시 서초구 남부순환로356길 9,02-576-2066
대림3동주민센터,서울시 영등포구 대림로 197,02-2670-1444
미성동자치회관,서울시 관악구 난곡로52길 16,
성산우체국,서울시 마포구 월드컵북로  112,
선덕중,서울시 도봉구 시루봉로 53,02-993-4112
도화소공원공중화장실,서울시 마포구 토정로37길 22,
신사2동주민센터,서울시 은평구 증산로15길 47,02-351-5362
쌍문1동주민센터,서울시 도봉구 노해로 147,02-2289-1501
답십리지구대,서울시 동대문구 답십리로41길 34,02-2245-4147 
영란여자중학교,서울시 중랑구 망우로73길  56,02-2209-0143
학교법인 인제학원 인당관,서울시 중구 동호로 202,02-2270-0977
전농1동주민센터,서울시 동대문구 서울시립대로9길 21,02-2171-6102
상계14동우체국,서울시 노원구 노원로 510,02-935-2623
천호중학교,서울시 강동구 상암로 153,02-470-7075
강남경희한방병원,서울시 강남구 영동대로 225,02-3457-9000
서울현대병원,서울시 강북구 도봉로 374,02-1588-6853
세이페병원,서울시 동대문구 한천로 49,02-2214-5100
예원요양센터,서울시 중랑구 용마산로 554,
해바라기어린이집,서울시 중랑구 봉우재로20길 45,02-491-2323
해원어린이집,서울시 강북구 도봉로76길 33,
연세정형외과,서울시 중랑구 면목로 220,02-2209-8275
돈암1동주민센터,서울시 성북구 정릉로 394,02-924-8612
홈플러스 시흥점,서울시 금천구 시흥대로 201,02-1557-3355
성산초등학교,서울시 마포구 양화로3길 94,02-334-1951
서울남산초등학교,서울시 중구 다산로 269,02-752-6842
강동초등학교,서울시 강동구 상암로14길 77,02-489-3215
우리은행,서울시 서대문구 통일로 195,
밀알학교,서울시 강남구 일원로 90,02-3412-1134
숭실대학교학생회관,서울시 동작구 매봉로 43,02-820-0114
서울시립대학교,서울시 동대문구 서울시립대로 163,02-6490-6114
아이레네해밀어린이집,서울시 강동구 동남로82길 29-8,02-427-5913
마천2동주민센터,서울시 송파구 마천로  287,02-2147-4150
돈암2동주민센터,서울시 성북구 흥천사길  7,02-926-5671
노량진1동주민센터,서울시 동작구 장승배기로28길 30,02-820-2984
웨딩코리아,서울시 용산구 한강대로 23,
양재동 aT센터(농수산물유통공사),서울시 서초구 양재동 232번지 aT센터,
신월1동주민센터,서울시 양천구 곰달래로1길 38,02-2620-4050
우이동주민센터,서울시 강북구 삼양로139길 49,02-901-2123
신정1동우체국,서울시 양천구 신월로 368,02-2649-2005
아티움,서울시 강남구 봉은사로  524,
CGV군자,서울시 광진구 능동로  289,1544-1122
신미림초등학교,서울시 구로구 신도림로 26,02-2676-8644
명일지구대,서울시 강동구 동남로 85,02-442-0112 
수서경찰서,서울시 강남구 테헤란로 114,02-459-0112
양평동 이노플렉스,서울시 영등포구 양산로 57-5,02-2675-0134
성서초등학교,서울시 마포구 성미산로7길 24,02-3141-9544
세브란스병원(일반병동),서울시 서대문구 연세로 50,02-1599-1004
삼성제일병원신관,서울시 중구 남대문로 81,
강북성모병원,서울시 서대문구 성산로  335,02-335-2277
미즈메디병원,서울시 강남구 도곡로 452,02-3467-3800
구로세무소,서울시 영등포구 경인로   778,02-2630-7200
참소망의원,서울시 강동구 천호옛길 48,
숭인우체국,서울시 종로구 지봉로 88,02-745-0917
키즈온어린이집,서울시 송파구 오금로23길  18,02-420-9135
정성어학원,서울시 강서구 공항대로  383,02-2063-3900
(주)박정어학원,서울시 강남구 논현로 843,02-547-0509
와세다 에듀학원(정빌딩),서울시 강남구 강남대로94길  13,02-554-3669
새한어린이집,서울시 송파구 도곡로62길 21,02-414-9363
신혜원어린이집,서울시 중랑구 상봉로12가길 1,02-432-8292
동아프라임밸리,서울시 영등포구 영등포로5길  19,02-3667-5757
세브란스새병원,서울시 서대문구 연세로 50,02-1599-1004
롯데백화점 관악점,서울시 관악구 봉천로  209,02-833-2500
월드할인마트,서울시 은평구 진흥로1길 28,02-384-1256
하이마트서초점,서울시 서초구 서초대로  289,02-534-7777
현대백화점,서울시 강남구 테헤란로 517,02-552-2233
홈플러스 동대문점,서울시 동대문구 천호대로 133,02-2173-8000
광희시장,서울시 중구 동호로20길  24,02-2238-4352
에이치큐브병원,서울시 도봉구 도봉로   604,02-900-2000
보람하이츠빌(보람유치원),서울시 광진구 뚝섬로52마길 70,02-453-2527
W저축은행,서울시 강남구 도곡로 414,02-3015-6030
한강로3가 마권장외발매소,서울시 용산구 청파로 52,
석관동주민센터,서울시 성북구 화랑로 296,02-957-4011
서래지구대,서울시 서초구 사평대로23길 23,02-534-0116
제기동우체국,서울시 동대문구 고산자로  476,02-968-2006
대곡초등학교,서울시 강남구 남부순환로 3022,02-565-1942
상암파출소(상암치안센터),서울시 마포구 매봉산로 76,02-309-9525
방이우체국,서울시 송파구 오금로  187,02-415-8295
연희제2동주민센터,서울시 서대문구 증가로  244,
한맘 플러스 병원,서울시 강남구 역삼로 509,02-3452-9912
동작전화국,서울시 동작구 등용로4길 139,02-815-2200/080-258-1037
유석초등학교,서울시 강서구 화곡로69길 9,02-3661-6718
연세대학교 어린이병원,서울시 서대문구 연세로 50,02-1599-1004
동신병원신관(동욱빌딩),서울시 서대문구 연희로 276,02-396-9161
하나 이비인후과 병원,서울시 강남구 역삼로 245,02-6925-1111
상천초등학교,서울시 노원구 덕릉로 443,02-938-0204
신천초등학교,서울시 송파구 올림픽로 215,02-422-0289
백산초등학교,서울시 금천구 시흥대로38길 78,02-802-6475
S . J 에반어학원,서울시 강서구 강서로12길  23-5,02-2693-0579
초등학교 수학학원(CMS),서울시 강남구 논현로175길 25,02-425-1209
일원동 우체국,서울시 강남구 양재대로55길 20,02-459-2500
동대문경찰서,서울시 동대문구 약령시로21길  29,02-968-0112
도봉경찰서,서울시 도봉구 노해로  403,02-906-0112
대륭포스트타워2차,서울시 구로구 디지털로  306,
청산입시학원(청산빌딩튼튼병원)G8-F2,서울시 강서구 화곡로  154,02-2603-9405
서울장례식장,서울시 금천구 서부샛길  732,02-868-5000
대성N학원,서울시 송파구 석촌호수로 130    ,070-8798-8889
은평중학교,서울시 은평구 갈현로17나길 12-1,02-382-3545
배화여자중학교,서울시 종로구 필운대로1길 34,02-725-6451
남명초등학교,서울시 양천구 중앙로23길 3,02-2607-5092
묵현초등학교,서울시 중랑구 동일로157길 75,02-977-9462
노원어린이도서관,서울시 노원구 한글비석로 346,02-933-7145
바둑학원,서울시 서대문구 명지대길  103,
내발산초등학교,서울시 강서구 강서로46길 23,02-3662-7565
강북세일학원,서울시 성북구 정릉로48길 13,02-934-3131
호암아트홀,서울시 중구 순화동 7 중앙일보사 건물 호암 아트홀,
두산아파트(면목7동우체국),서울시 중랑구 면목로37길 57,02-492-9560
대검찰청,서울시 서초구 반포대로 157,02-3480-2000
여의지구대,서울시 영등포구 여의공원로  119,
강남 S캠퍼스 강의실(한국벤쳐타워),서울시 강남구 강남대로78길 8,02-538-5464
언주중학교,서울시 강남구 선릉로116길 57,02-516-4884
고려사대부속고등학교,서울시 성북구 정릉로  161,02-914-7483
강남도서관,서울시 강남구 선릉로4길 30,02-3448-4741
문래중학교,서울시 영등포구 선유서로13길  6,02-6712-0700
강북중앙학원,서울시 성북구 개운사길 35,02-2070-0101
수락고등학교,서울시 노원구 동일로245길 143,070-8677-2106
풍성중학교,서울시 송파구 강동대로2길 27,02-2224-7700
국민은행건물,서울시 용산구 원효로  138,02-3273-6763
남대문경찰서,서울시 중구 퇴계로 303-9,02-778-0112
대성 D-POLIS 지식산업센터,서울시 금천구 서부샛길 606,
가양2동주민센터,서울시 강서구 허준로  93,02-2600-7825
보건복지부,서울시 종로구 율곡로 75,02-02-129
미양중고등학교,서울시 강북구 인수봉로 39,02-981-6872/02-982-6104
신상도초등학교,서울시 동작구 장승배기로 14,02-823-5461
백운중,서울시 도봉구 도봉로129길  50,02-998-4035
MD병원,서울시 강남구 선릉로 832,02-542-0081
독산2동 주민센터,서울시 금천구 범안로 1240-7,02-2627-2505
초원어린이집,서울시 중랑구 용마산로125나길 15,02-2209-4546
송파청병원,서울시 송파구 백제고분로 488,02-2202-3114
서울청운초등학교,서울시 종로구 자하문로 105,02-737-0218
오즈의 마법사 유치원,서울시 강남구 헌릉로618길 14,02-3411-1081
옥수초등학교,서울시 성동구 금호로1길   25,02-2297-8623
대륭포스트타워1차,서울시 구로구 디지털로 288,
신상계초등학교,서울시 노원구 상계로 267,02-935-7095
경기대학교 실습실,서울시 서대문구 충정로7길 29-10,02-390-5114
흑석초등학교,서울시 동작구 현충로 87,02-815-3276
경기대학교(학생회관),서울시 서대문구 경기대로9길 24,02-390-5114
동대부속고등학교,서울시 동대문구 장안벚꽃로 201,02-6913-1577
국민건강보험공단,서울시 영등포구 당산로 238,1577-1000
잠원동주민센터,서울시 서초구 나루터로  38,02-2155-7532
IT프리미어타워,서울시 금천구 가산디지털1로  88,
STX V-TOWER,서울시 금천구 가산디지털1로 128,02-830-8114
서울시흥중학교,서울시 금천구 시흥대로38길 60,02-895-2301
동양고등학교,서울시 강서구 허준로 50,02-2657-0878
마리아병원,서울시 동대문구 천호대로 20,02-2250-5555
탑 메디칼센타,서울시 강동구 천호대로  1434,
신현초등학교,서울시 중랑구 봉화산로 188,02-3421-0142
역촌초등학교,서울시 은평구 은평로3길 25,02-352-2245
태릉마이크로병원,서울시 노원구 동일로 987,02-970-0900
서울 우신초등학교,서울시 영등포구 신길로 190,02-834-2258
동그라미 어린이집,서울시 강남구 양재대로53길 18,02-567-1606
서울자동차운전학원,서울시 강서구 남부순환로  222,02-2665-6961
광혜병원 종합건강검진센터,서울시 강남구 영동대로86길 9,02-538-7111
KT중랑지점,서울시 중랑구 봉우재로 54,080-258-1051
조동기 논술학원,서울시 송파구 마천로 35,02-424-0776
세검정초등학교,서울시 종로구 세검정로9길 1,02-379-3004
한양여자대학,서울시 성동구 왕십리로 222,02-2290-2114
송정중학교,서울시 강서구 남부순환로  121,02-2661-0478
광진초등학교,서울시 광진구 자양로40길 41,02-458-4693
온곡초등학교,서울시 노원구 한글비석로52길 59,02-937-7136
정곡초등학교,서울시 강서구 방화대로50길  22,02-2666-6442
송원초등학교,서울시 성동구 동일로43길 9,02-469-5074
전동중학교,서울시 동대문구 장안벚꽃로 291,02-2212-9265
수정유치원,서울시 송파구 위례성대로  28,
서강초등학교,서울시 마포구 독막로 113,02-334-2410
불암초등학교,서울시 노원구 중계로 178,02-932-5581
청운중학교,서울시 종로구 자하문로 136,02-737-0582
석관초등학교,서울시 성북구 돌곶이로22길 21,02-959-1391
노량진초등학교,서울시 동작구 장승배기로 160,02-815-1274
경일초등학교,서울시 성동구 뚝섬로  332,02-499-5225
강북메가스터디,서울시 노원구 노해로 459,02-935-3378
송중초등학교,서울시 강북구 오현로 9,02-985-1922
남대문중학교,서울시 성북구 한천로95길  28,02-942-3184
서울효요양병원,서울시 도봉구 삼양로  616,02-902-3294
강북중학교,서울시 강북구 한천로150길 67,02-999-4104
지앤비어학원,서울시 은평구 연서로 280,02-383-8114
태릉고등학교,서울시 중랑구 신내로23길 36,02-974-6251
수암초등학교,서울시 노원구 중계로12길 9,02-3392-4277
화양동주민센터,서울시 광진구 능동로17길 39,02-450-1515
스타밸리,서울시 금천구 디지털로9길  99,
BIZ.Center1차,서울시 구로구 디지털로33길 28,
강서교육청,서울시 양천구 월정로 269,02-2600-0900
성북보건소,서울시 성북구 화랑로 63,02-920-1948
영산어린이집,서울시 은평구 불광로3길 6,
독산3동 주민센터,서울시 금천구 독산로  317,02-2627-2507
명덕고등학교(본관원문관),서울시 강서구 강서로47길 34-10,02-2664-8818
장충중고등학교,서울시 중구 정동길 26,070-8686-7003
흥인초등학교,서울시 중구 난계로 141,02-2235-4092
중앙대학교(교수연구동),서울시 동작구 흑석로6길 61,
서울신대림초등학교,서울시 영등포구 대림로8길 25,02-849-0737
송천동 우체국,서울시 강북구 도봉로 71,02-982-0114
잠실3동주민센터,서울시 송파구 석촌호수로 155,02-2147-4660
동대문구정보화도서관,서울시 동대문구 회기로10길  60,02-960-1959
서울과학기술대학우체국,서울시 노원구 공릉로 232,02-976-2005
한남동주민센터,서울시 용산구 대사관로5길  1,02-2199-8660
신한은행동부이촌동지점,서울시 용산구 이촌로  293,02-794-5005
서울복층유리,서울시 중랑구 용마산로136길 54,02-496-1246
더루벤스밸리,서울시 금천구 가산디지털1로  1,02-859-0049
당현초등학교,서울시 노원구 동일로213길 52,02-932-0605
유한공업고등학교,서울시 구로구 경인로 8,02-2610-0952
상계고등학교,서울시 노원구 노해로 432,070-867-8260
사랑숲어린이집,서울시 송파구 중대로20길 8,02-3012-7177
성수고등학교,서울시 성동구 서울숲길 18,02-461-2276
 꽃햇살어린이집,서울시 은평구 증산로17길 39-11,02-375-0153
서울종합예술고등학교,서울시 강남구 봉은사로104길 10,
국세청 효제별관,서울시 종로구 대학로 42,126
면목5동복합청사,서울시 중랑구 동일로 619,02-2094-6160
동화나라어린이집,서울시 송파구 동남로8길 18,02-448-0507
신길7동주민센터,서울시 영등포구 여의대방로43길  10,02-2670-1459
가양3동주민센터,서울시 강서구 허준로  202,02-2600-7865
도화자치회관,서울시 마포구 도화4길 53,
무악동 주민센터,서울시 종로구 통일로14길 36,02-2148-5153
양평1동주민센터,서울시 영등포구 영등포로11길 12,02-2670-1455
서울동부지방법원 본관,서울시 광진구 아차산로  404,
푸르미어린이집,서울시 양천구 남부순환로67길 10-6,02-2605-6529
신정7동주민센터,서울시 양천구 목동동로 37,02-2620-4305
휘경2동 주민센터,서울시 동대문구 한천로 329,02-2171-6442
신창파출소,서울시 도봉구 도봉로104길 49-5,02-995-9278
화곡4동우체국,서울시 강서구 곰달래로  265,02-2653-0004
성내초등학교,서울시 강동구 성내로3길 19,02-470-6354
은로초등학교,서울시 동작구 서달로 115,02-824-0309
동서한방병원,서울시 서대문구 성산로 365-14,02-320-7810
문창초등학교,서울시 동작구 신대방2길 14,02-836-2031
덕수유치원,서울시 성북구 성북로 127,02-3675-5164
메디힐병원별관,서울시 양천구 남부순환로 330,02-2604-7551
서울신자초등학교,서울시 광진구 뚝섬로46길 64,02-450-5600
서울면일초등학교,서울시 중랑구 용마산로100길 13,02-437-8112
경수초등학교,서울시 성동구 뚝섬로13길    22,02-498-5123
한영중학교,서울시 강동구 동남로 832,02-468-0565
대은초등학교,서울시 은평구 통일로69길 12-15,02-388-0833
수색초등학교,서울시 은평구 수색로16길 21,02-372-8286
장곡초등학교,서울시 성북구 장월로23길  16,02-918-8494
가인초,서울시 도봉구 도봉로136다길 4,02-997-5826
고명정보산업고등학교,서울시 성북구 북악산로  870,02-926-2886
봉현초등학교,서울시 관악구 성현로  117,02-885-9209
장위1치안센터,서울시 성북구 장위로  82,02-915-3301
금호4가동주민센터,서울시 성동구 독서당로52가길  2,02-2286-7381
한국전력공사,서울시 동작구 동작대로 19,02-580-2251
고려대학교장례식장,서울시 성북구 안암로 148,02-923-4442
상도3동주민센터,서울시 동작구 성대로2길 11,02-822-1005
삼전초등학교,서울시 송파구 백제고분로28길 19,02-415-8701
이마트 창동점,서울시 도봉구 노해로65길  4,02-901-1234
서울금동초등학교,서울시 금천구 금하로30길 53,02-809-2125
진예슬 어린이집,서울시 강남구 논현로158길 19,02-3453-5638
둥근달어린이집,서울시 도봉구 도봉로117길 80-7,02-990-0121
자양제2동주민센터,서울시 광진구 자양로3가길 28,02-450-1511
거여1동주민센터,서울시 송파구 오금로53길 32,02-2147-4060
중화2치안센터,서울시 중랑구 중랑천로 146,02-434-8768
연천중학교,서울시 은평구 연서로41길 30,02-354-0514
랭콘잉글리쉬 명성학원,서울시 은평구 연서로 296,02-353-7070
대림정보문화도서관,서울시 영등포구 도신로 27,02-828-3700
행복한 도서관,서울시 강남구 학동로 426,02-567-3833
꿀벌어린이집,서울시 광진구 아차산로40길 72,
서울과학기술대학교(중앙도서관),서울시 노원구 공릉로 232,02-970-6156
에이스하이엔드타워8차,서울시 금천구 가산디지털1로  84,
홈플러스 금천점,서울시 금천구 시흥대로 391,02-890-8000
신정1동주민센터,서울시 양천구 중앙로32길 1,02-2620-4190
월드컵지구대,서울시 마포구 월드컵북로30길 24,02-373-1113 
신촌지구대,서울시 서대문구 신촌로 22,02-363-0469 
사당1동주민센터,서울시 동작구 동작대로17길 28,02-582-8582
롯데시네마 씨티(강남),서울시 강남구 역삼동 816,
서초1동주민센터,서울시 서초구 사임당로18길  18,02-2155-7401
자양제3동주민센터,서울시 광진구 자양번영로 80,02-450-1512
메가박스 상봉,서울시 중랑구 망우로30길 3,1544-0070
오금동우체국,서울시 송파구 동남로 344,02-431-2003
송파1동주민센터,서울시 송파구 백제고분로 32,02-2147-4300
시흥우체국,서울시 금천구 시흥대로 217,02-802-0205
잠실본동주민센터,서울시 송파구 백제고분로15길 ,02-2147-4600
상봉지구대,서울시 중랑구 중랑천로 69,02-433-1675
CGV대학로,서울시 종로구 새문안로 75,1544-1122
은천동우체국,서울시 관악구 봉천로27길 62,02-886-2005
화곡3파출소(푸른들도서관),서울시 강서구 강서로45다길 71,02-2691-1630
압구정갤러리아백화점EAST,서울시 강남구 압구정로 407,02-3449-4114
상봉2동주민센터,서울시 중랑구 봉우재로 93-5,02-2094-6280
성내3동 주민센터,서울시 강동구 강동대로53길 76,02-3425-7820
종로보건소,서울시 종로구 자하문로19길 36,02-2148-3520
충무파출소,서울시 중구 중림로 36,02-2278-7710
이진아기념도서관,서울시 서대문구 통일로  279-79,02-360-8600
옥정중학교,서울시 성동구 한림말길 11,02-2297-4604
한영신학 대학교,서울시 구로구 경인로 290-42,02-2067-4500
KNK디지털타워,서울시 영등포구 영신로  220,02-858-3650
구립해바라기어린이집,서울시 양천구 목동동로1길 33,070-7704-5798
강서공고,서울시 강서구 방화대로47길 9,02-2666-2106
경복고등학교,서울시 종로구 자하문로28가길 9,02-735-3086
구립로야어린이집,서울시 동작구 상도로62길 87,02-882-2246
경문고등학교,서울시 동작구 동작대로 171,02-535-1301
튼튼병원,서울시 은평구 은평로 200-1,
위너스MD학원(프레스티지 빌딩),서울시 강남구 논현로168길 40,02-557-9958
능동주민센터,서울시 광진구 천호대로112길 55,02-450-1505
강동구청,서울시 강동구 성내로 25,1577-1188
서대문보건소(서대문구청 별관),서울시 서대문구 연희로 242,02-330-1802
펠리스어린이집,서울시 영등포구 대림로31가길 16,
삼청동주민센터,서울시 종로구 삼청로 107,02-2148-5063
광진청소년수련관,서울시 광진구 구천면로 2,02-2204-3100
꼬마사랑어린이집,서울시 중랑구 봉우재로6길 9,02-432-0097
서울대학교롯데국제교육관,서울시 관악구 관악로 1,
창문여자중학교,서울시 강북구 월계로 61,02-986-1703
은혜삐아제어린이집,서울시 중랑구 답십리로81길 130,02-435-5956
무지개어린이집,서울시 은평구 불광로 162-9,02-389-2131
명지전문대학(금회:사회교육관),서울시 서대문구 가좌로 134,02-300-1000
구립우정어린이집,서울시 서대문구 연희로8길  21,
경인고등학교,서울시 구로구 경인로46길 31,02-2618-3043
중랑경찰서,서울시 중랑구 중랑역로  137,02-977-0112
글샘어린이집,서울시 동대문구 천호대로35길 39,
서울사이버대학,서울시 강북구 솔매로49길 60,02-944-5000
고산초등학교,서울시 구로구 중앙로 6,02-2617-0591
하람어린이집,서울시 강북구 인수봉로42길 23,
위너스스터디,서울시 관악구 신림로28길 49-8,02-876-2800
강동센트럴요양병원,서울시 강동구 올림픽로98길 8,02-441-0011
삼정초등학교,서울시 강서구 금낭화로  222,02-2661-2273
서울청담초등학교,서울시 강남구 압구정로71길 9,02-542-3779
문창중학교,서울시 동작구 여의대방로22나길 40,02-821-8587
이지스원보안학원,서울시 동대문구 왕산로  20,080-800-6080
무학중학교,서울시 성동구 고산자로 197,02-2298-6141
보인중고교,서울시 송파구 오금로49길 18,02-449-6017/02-2043-6021
서울대치초등학교,서울시 강남구 양재천로 363,02-555-2455
세륜초등학교,서울시 송파구 양재대로 1264,02-443-9561
대동세무 고등학교,서울시 종로구 계동길 84-10,02-763-1631
덕일전자공업고등학교,서울시 구로구 서해안로21길 5-12,02-2613-2762
한림학원,서울시 양천구 목동서로  35,
공중화장실24호,서울시 구로구 개봉로15길 58-2,
사당5동주민센터,서울시 동작구 사당로2가길 219,02-525-6076
한림초중연예예술고교,서울시 송파구 충민로 172,02-409-1021
진관초등학교,서울시 은평구 진관4로  78-16,02-386-3365
서울정심초등학교,서울시 금천구 독산로78다길  89,02-856-5188
문성유치원,서울시 강서구 우현로  8,02-2604-5543
배봉초등학교,서울시 동대문구 사가정로 193,02-2243-6502
답십리초등학교,서울시 동대문구 전농로3길 23,02-2242-9256
녹번리라어린이집,서울시 은평구 은평로 205-13,02-383-5363
성북정보도서관,서울시 성북구 화랑로18자길 13,02-962-1081
코리아병원,서울시 동대문구 장한로 143,02-2281-9999
고운타워(유앤유치과),서울시 관악구 양녕로 58,02-877-3067
후암동주민센터,서울시 용산구 후암로 32-6,02-2199-8400
망우3치안센터,서울시 중랑구 용마공원로5길 13,02-435-6815
홍제2동주민센터,서울시 서대문구 통일로34길 27,02-330-8127
신정2지구대,서울시 양천구 목동로17길 5,
당고개파출소,서울시 노원구 상계로 221,02-936-6350
은천동 복합청사,서울시 관악구 봉천로33나길  30,02-879-4231
영등포동 주민센터,서울시 영등포구 영등포로53길 22,02-2670-1450
망원우체국,서울시 마포구 월드컵로  111,02-337-0004 
서울여자간호대학교,서울시 서대문구 간호대로  38,02-2287-1700
YBM어학원,서울시 종로구 삼일대로20길 6,02-2279-0509
등촌고등학교,서울시 강서구 공항대로39길  115,02-3665-6045
광영고등학교,서울시 양천구 남부순환로30길 17,02-2650-2300
삼성초등학교,서울시 관악구 대학7길 52,02-877-9144
구일초등학교,서울시 구로구 구일로 68,02-869-9101
대림중학교,서울시 영등포구 시흥대로185길 6,02-845-2171
영훈중학교,서울시 강북구 도봉로13가길 19,02-944-7884
괴아어린이집,서울시 동작구 흑석로9길 48,
홍익지구대(동교치안센터),서울시 마포구 양화로 178-17,02-334-1610
광진우체국,서울시 광진구 강변역로 2,02-2049-0550
승무원학원 ,서울시 마포구 양화로 165,02-2038-8036
어울림어린이집,서울시 중랑구 상봉로28길 53-5,02-496-9497
벽산디지털밸리7차,서울시 구로구 디지털로33길 50,
아이에스비즈타워,서울시 성동구 성수이로  147,1544-5097
혜화여자고등학교,서울시 강북구 인수봉로  127,02-987-8342
학교법인숭의학원,서울시 중구 마른내로 41,
국립의료원,서울시 중구 서애로1길 17,02-1588-1775
동부요양병원,서울시 성동구 자동차시장1길 85,
구로생명숲어린이집,서울시 구로구 천왕로1길 5,02-2616-1677
면목38동 복합청사,서울시 중랑구 사가정로51길 48,
푸르니 강남미래나무 어린이집,서울시 강남구 봉은사로82길 23,02-2051-7331
도화어린이집,서울시 마포구 새창로4다길 18,02-718-8318
번3동 주민센터,서울시 강북구 한천로105길 21,02-901-2084
한화비즈메트로1차,서울시 강서구 양천로 551-17,
대진여자고등학교,서울시 노원구 공릉로 438,02-979-2327
덕산중학교,서울시 은평구 가좌로 400,02-353-9427
광운중학교,서울시 노원구 광운로1길 24,02-942-2293
부민병원,서울시 강서구 공항대로  389,02-1577-7582
서울대학교병원,서울시 종로구 대학로  101,02-2072-2114
날개병원,서울시 동대문구 무학로 193-1,02-959-9191
우리들병원,서울시 강남구 학동로 445,02-513-8000
이태원우체국,서울시 용산구 녹사평대로  212,02-798-2005
블루나인,서울시 강서구 양천로  583,02-6096-5625
이대부속중학교,서울시 서대문구 성산로 560,02-392-6176
동작경희병원,서울시 동작구 상도로 146,02-822-8112~4
명일중학교,서울시 강동구 양재대로156길 57,070-8650-5813
서울 메디칼센터 ,서울시 마포구 월드컵북로  165,
서연중학교,서울시 서대문구 연희로11마길 9-6,02-332-7375
성지병원,서울시 금천구 가산로  122,02-867-7056
둔촌고등학교,서울시 강동구 명일로 140,02-485-9873
반도정형외과병원,서울시 중구 을지로 245,02-2252-0202
서울대학교보건대학원,서울시 관악구 관악로  1,
은초롱어린이집,서울시 강북구 솔매로50길 69-7,02-982-5300
사임당어린이집,서울시 송파구 가락로11길 13,02-414-1866
정신여중고,서울시 송파구 올림픽로 4길-16,02-423-2775
숙명여대 창업보육센터,서울시 용산구 청파로47길 90,02-710-9035
삼성중학교,서울시 관악구 신림로3가길 39-24,02-871-6242
즐거운 도서관,서울시 강남구 영동대로65길 24,02-565-7533
영상고등학교,서울시 양천구 목동로11길 46,02-2602-7121
강남성심병원,서울시 영등포구 신길로 1,02-1577-5587
상계백병원,서울시 노원구 동일로 1342,02-950-1114
동산유치원,서울시 은평구 증산서길  88,02-302-1586
서울재동초등학교,서울시 종로구 북촌로4길 7,02-763-1812
행복한병원(삼부빌딩),서울시 중랑구 망우로 403,02-433-1195
진선 여자 중학교,서울시 강남구 선릉로85길 27,02-566-3103
최차혜병원,서울시 광진구 동일로30길 9,02-463-2311~4
이태원초등학교,서울시 용산구 녹사평대로40길 19,02-795-2809
서울청덕초등학교,서울시 성북구 정릉로9라길 11,02-914-8740
마들파출소,서울시 노원구 한글비석로 489,02-931-5001
코엑스 아티움(SM타운),서울시 강남구 삼성1동 무역센터 코엑스(COEX),
노블바렌티 예식장,서울시 강남구 봉은사로 637,
한화손해보험빌딩,서울시 서초구 서운로  3,
구일지구대,서울시 구로구 도림로 63,02-862-4008
퀸스메디산부인과,서울시 노원구 동일로 1059,02-948-7588
올리브타워,서울시 중구 을지로 264,
롯데시네마 신림,서울시 관악구 신림로  330,1544-8855
태랑초등학교,서울시 노원구 화랑로51나길 31,02-977-7384
서울연세요양병원,서울시 성북구 오패산로1길 1,02-912-1547
인수동주민센터,서울시 강북구 인수봉로 255,02-901-2132
상도1동주민센터,서울시 동작구 상도로47마길 4,02-815-3084
성북중앙병원,서울시 성북구 종암로 72,02-919-3404
2441아울렛천호점,서울시 강동구 구천면로 189,02-426-2001
빅마켓(롯데마트도봉점),서울시 도봉구 마들로 645,02-2289-2500
썬프라자,서울시 영등포구 신길로 41,02-831-9493
상봉1동주민센터,서울시 중랑구 상봉중앙로1길 6,02-2094-6240
월계3동주민센터,서울시 노원구 마들로 57,02-2116-2469
트라움하우스,서울시 강남구 언주로 564,
서울 잠실 학생체육관,서울시 송파구 잠실1동 10-3 종합운동장 내,
동대문세무서별관,서울시 성북구 보문로  52,
보성여자중학교,서울시 용산구 신흥로3가길 66,070-400-0313
해맑은사랑어린이집,서울시 은평구 진흥로5길 8-1,02-384-7898
잠실야구장,서울시 송파구 잠실1동 10,
국립중앙박물관 극장 용,서울시 용산구 용산동 6가 168-6번지,
안국우체국,서울시 종로구 율곡로 155,02-735-2005
역삼중학교,서울시 강남구 도곡로43길 10,02-558-1501
감리교신학대학,서울시 서대문구 통일로 139,02-3619-114
창일초,서울시 도봉구 노해로66길 84,02-996-9167
도봉고,서울시 도봉구 도봉산길 27,02-3491-4285
목동중학교,서울시 양천구 목동동로 172,02-2643-1103
노원세무소,서울시 도봉구 노해로69길  14,02-3499-0200
행당1동주민센터,서울시 성동구 고산자로10길  18,02-2286-7281
자생한방병원(대경프라자),서울시 양천구 신목로 102,02-1577-0007
대동초등학교,서울시 영등포구 대림로21길 6,02-833-7708
서울은진초등학교,서울시 은평구 진관1로  21-20,02-351-3691
해피키즈어린이집,서울시 송파구 송이로34길 6,02-407-7460
중랑구립정보도서관,서울시 중랑구 신내로15길  197,02-490-914
바른본병원,서울시 광진구 능동로 261,02-1577-9844
강북21세기병원,서울시 중랑구 동일로 890,02-1577-6336
베나다어린이집,서울시 양천구 남부순환로65길 16-1,
경신고등학교,서울시 종로구 혜화로 74,02-762-0393
삼정중학교,서울시 강서구 금낭화로  210,02-2666-6033
호서대벤처타워,서울시 금천구 가산디지털1로  70,02-2627-5983
구립성현햇살어린이집,서울시 관악구 관악로37길 65,02-878-6633
대륭포스트타워7차,서울시 구로구 디지털로33길 48,
월계3치안센터,서울시 노원구 마들로 55,02-971-4300
암사3동 주민센터,서울시 강동구 고덕로 137,02-3425-7640
옥수동주민센터,서울시 성동구 독서당로  205-1,02-2286-7401
CGV강변,서울시 강동구 성내로 48,1544-1122
호원아트홀,서울시 강동구 성안로3길 12,
송파나루공원 화장실,서울시 송파구 석촌호수로 17,02-412-0190
석관지구대,서울시 성북구 화랑로32가길 20,02-963-0844
서울여자대학교인문사회관,서울시 노원구 화랑로 621,02-970-5114
버틀러학원(방우빌딩),서울시 강남구 역삼로 530,02-547-7275
예지어린이집,서울시 중구 퇴계로20길 56,02-2252-4445
서울영재어린이집,서울시 구로구 오류로8길  151-1,02-2613-8296
W-MALL,서울시 금천구 디지털로 188,02-2081-0114
대학학원,서울시 양천구 오목로 325,02-2651-5151
씨이엘어학원,서울시 성동구 한림말길 18,02-2282-0706
파미에어린이집,서울시 강서구 양천로30길 109,
동광어린이집,서울시 구로구 구로중앙로28길 62,02-838-2500
노벨어린이집,서울시 중랑구 용마공원로 34-1,02-439-8053
자운고,서울시 도봉구 노해로69길 150,02-998-3365
참사랑어린이집,서울시 구로구 고척로  190,
삼선초등학교,서울시 성북구 보국문로29길  106,02-742-1847
강서농협하나로마트,서울시 강서구 금낭화로 287-10,02-2669-6000
화인웰산후조리원,서울시 성북구 보문로  35,02-929-2100
천연동주민센터,서울시 서대문구 성산로  694,02-330-8103
명일2동 주민센터,서울시 강동구 상암로 264,02-3425-7490
면목4동주민센터,서울시 중랑구 면목로 246,02-2094-6120
동국대학교,서울시 중구 환일길 47,02-2260-3114
서울신구초등학교,서울시 강남구 압구정로18길 28,02-549-6812
서낭당근린공원화장실(관리사무실),서울시 강서구 공항대로43길 46,
교남동 주민센터,서울시 종로구 송월길 154,02-2148-5183
역촌2동사무소,서울시 은평구 연서로  59,02-351-5302
삼성서울병원,서울시 강남구 일원로 81,02-1599-3114
명동예술극장,서울시 중구 명동길 35 명동예술극장,
산업연구원우체국,서울시 동대문구 회기로 66,02-963-3379
서울체육고등학교,서울시 송파구 강동대로 232,02-2140-9903
월계2치안센터,서울시 노원구 초안산로 2,02-995-4980
서울서부지법우체국,서울시 마포구 마포대로 174,
튼튼병원(용도변경),서울시 강남구 영동대로 713,02-1588-7562
명성학원 서부캠퍼스,서울시 은평구 은평로 186,02-353-3500
원수학,서울시 송파구 중대로 267,02-407-8852
어린이집,서울시 마포구 성미산로11길  5,
거여2동주민센터,서울시 송파구 거마로2길  1,02-2147-4090
서울대제2공학관,서울시 관악구 관악로  1,
숭실대학교,서울시 동작구 매봉로 43,02-820-0114
연세대학교 영빈관,서울시 서대문구 연세로 50,02-1599-1885
명지대학교 학생회관,서울시 서대문구 거북골로 34,
비트아카데미,서울시 서초구 강남대로53길  8,02-3486-9600
자연아이어린이집,서울시 송파구 삼전로4길  4,02-420-5280
가톨릭청년센터,서울시 마포구 월드컵북로2길 49,
롯데마트,서울시 강북구 삼양로 247,02-2248-2500
홈플러스 방학점,서울시 도봉구 도봉로 678,02-912-2080
대방동공중화장실,서울시 동작구 여의대방로24길 29,
NC백화점,서울시 강서구 강서로56길 17,02-2667-9000
미아동주민센터,서울시 강북구 솔매로49길 1-1,02-901-2014
국민건강보험공단광진지사,서울시 광진구 구의강변로 45,1577-1000
양강중학교,서울시 양천구 중앙로 319,02-2691-0869
서정초등학교,서울시 양천구 목동로8길 19,02-2648-7003
숭미파출소,서울시 도봉구 노해로  139,
하이트 치과의원(쌍봉빌딩),서울시 강남구 언주로  874,
대연빌딩(우리은행),서울시 관악구 남부순환로  1814,02-837-7800
기업은행,서울시 구로구 디지털로31길 19,02-867-0343
영등포병원,서울시 영등포구 당산로31길 10,02-2632-0013
월드메르디앙비즈센터,서울시 영등포구 양산로 53,02-2672-6064
한화비즈메트로2차,서울시 강서구 양천로  551-24,
서울대신양학술정보관,서울시 관악구 관악로  1,
모네여성병원,서울시 노원구 노원로 416,02-939-0300
청구성심병원,서울시 은평구 통일로  873,02-350-3300
튼튼병원,서울시 은평구 통일로 636,02-1588-7562
신촌연세병원,서울시 마포구 서강로 110,02-337-7582
하이마트상계점,서울시 노원구 동일로 1641,02-934-6007
농협하나로마트,서울시 중랑구 신내로  74,02-493-3080
현대백화점U-PLEX,서울시 서대문구 연세로 13,
제일병원(본관),서울시 중구 마른내로 9,02-2000-7114
도양라비앙타워빌딩(서울수치과),서울시 강서구 강서로  43,02-2607-3100
계상초등학교,서울시 노원구 한글비석로41가길 24,02-939-0872
서울대진초등학교,서울시 강남구 개포로109길 74,02-3412-0472
방산초등학교,서울시 송파구 오금로27길 42,02-420-5221
창동중,서울시 도봉구 방학로 32,02-2289-6646
한강초등학교,서울시 용산구 한강대로14길  9,02-795-0584
양천중학교,서울시 양천구 지양로7길  32,02-2694-2715
포근한맘요양병원,서울시 도봉구 삼양로 606,02-986-9977
석관중학교,서울시 성북구 한천로 526,02-962-2276
서울 압구정 초등학교,서울시 강남구 압구정로39길 29,02-3446-9646
HL의원(선기빌딩),서울시 강남구 논현로 648,
전농2동주민센터,서울시 동대문구 사가정로 137,02-2171-6140
천호3동 주민센터,서울시 강동구 진황도로23길 7,02-3425-7730
혜화동 주민센터,서울시 종로구 혜화로 12,02-2148-5333
상명대학교,서울시 종로구 홍지문2길 20,02-2287-5114
건국대학교 부속중학교,서울시 광진구 능동로 120,02-457-0318
사당중학교,서울시 동작구 사당로9가길 58,070-7510-5601
서울태릉초등학교,서울시 노원구 노원로1길 36,02-979-5157
강월초등학교,서울시 양천구 신월로 97,02-2605-0501
청담고등학교,서울시 강남구 압구정로 416,02-3496-8302
제나어린이집,서울시 성북구 삼선교로20길 21,02-929-9226
영등포평생학습관,서울시 영등포구 버드나루로15길  10,02-6712-7500
써니어린이집,서울시 은평구 증산로15길 26,
공릉중학교,서울시 노원구 노원로1길 42,02-971-5213
전신전화국가락지사,서울시 송파구 송파대로34길 44,
어린이집,서울시 성북구 보국문로17길 8,
창원초,서울시 도봉구 해등로  103,02-991-9167
창3동주민센터,서울시 도봉구 덕릉로62길   89,02-2289-1511
장충동주민센터,서울시 중구 다산로44길 85,02-3396-6620
세종문화회관,서울시 종로구 이화장길 26,02-399-1114
광진경찰서,서울시 광진구 자양로 167,02-455-0112
꿈나무어린이집,서울시 강북구 삼양로85길 4,
서울어학원(하나빌딩),서울시 강남구 압구정로30길 63-1,02-3452-7654
성동구립도서관,서울시 성동구 고산자로10길  9,02-2204-6420
재단법인한국SGI,서울시 강동구 성안로 ,
하계1치안센터,서울시 노원구 공릉로 290,02-971-2854 
국민건강보험노원지사,서울시 노원구 노해로 447,1577-1000
배재중학교,서울시 강동구 고덕로 227,02-441-9151
치현초등학교,서울시 강서구 방화대로47길 43,02-2661-6272
구산초등학교,서울시 은평구 서오릉로15길 16,02-387-7487
가리봉동주민센터,서울시 구로구 디지털로26길 5,02-2620-7700
삼환디지털벤처타워,서울시 성동구 아차산로15길  52,02-2024-0000
남성초등학교,서울시 동작구 사당로 146,02-595-5471
연신어린이집,서울시 은평구 통일로92길 30,
JEI PLATZ,서울시 금천구 가산디지털1로  186,02-2028-5000
모델솔루션㈜본사,서울시 금천구 벚꽃로20길 24,02-896-0318
불암중학교,서울시 노원구 한글비석로5길 45,02-975-4047
미병원,서울시 강남구 논현로168길 35,
한국체육대학,서울시 송파구 양재대로 1239,02-410-6700
성동교육청,서울시 성동구 고산자로 270,02-2286-3741
정석학원,서울시 서대문구 세검정로 95,02-396-3661
상경중학교,서울시 노원구 동일로227길 61,02-939-3951
휘경여자고등학교,서울시 동대문구 한천로 247,02-2245-2307
서울인창고등학교,서울시 서대문구 경기대로 65,02-363-3393
서울문교초등학교,서울시 금천구 독산로54길 102,02-896-0144
장학학원,서울시 송파구 삼전로  81,02-420-7879
성신여자고등학교,서울시 성북구 동소문로26가길  80,02-6930-9114
예향어린이집,서울시 은평구 통일로92길 11,02-353-2496
깊은샘어린이집,서울시 마포구 새터산길  1-6,02-308-4390
예원어린이집,서울시 강동구 천중로9길 32,02-489-2211
재활병원,서울시 강동구 양재대로 156,
강남초이스병원,서울시 관악구 남부순환로  1796,02-875-2200
관악초등학교,서울시 관악구 청룡4길 49,02-874-3832
성동패션콘다,서울시 성동구 성수이로 144,
해솔예술어린이집,서울시 금천구 시흥대로90길 63,
GS항외과의원,서울시 관악구 남부순환로 1669,02-875-7535
신림교회-몬테소리어린이집,서울시 관악구 난곡로24다길 7,
독산1동주민센터분소,서울시 금천구 한내로 67-17,02-802-3961
청파동주민센터,서울시 용산구 청파로49길 6,02-2199-8460
마포고등학교,서울시 강서구 화곡로 403,02-3663-2582
해커스어학원,서울시 서초구 강남대로61길  19,02-566-7471
서울대자연대(2324-자연과학대학),서울시 관악구 관악로 1,02-880-6500
홈플러스 문래점,서울시 영등포구 당산로  42,02-2165-8000
성가정어린이집,서울시 은평구 갈현로5길  25-19,02-383-4827
논현도서관,서울시 강남구 학동로43길 17,02-3443-7650
은명초등학교,서울시 은평구 은평로4길 21-9,02-359-9517
건국대학교병원,서울시 광진구 능동로 120-1,02-1588-1533
문래초등학교,서울시 영등포구 문래로   104,02-2677-6861
오산중학교,서울시 용산구 보광로7길 17,02-799-9400
갈현2동 주민센터,서울시 은평구 연서로27길 31-6,02-351-5122
현대?기아자동차 아트홀,서울시 서초구 양재동 231 (헌릉로 12),
송중동주민센터,서울시 강북구 오패산로 162,02-901-2232
그랜드 앰배서더 서울 그랜드 볼룸,서울시 중구 장충동 2가 186-54,
고원초등학교,서울시 구로구 경인로46길 13,02-2066-0960
행림초등학교,서울시 동작구 솔밭로 47,02-523-1352
화랑초등학교,서울시 노원구 화랑로 621,02-972-2261
개웅중학교,서울시 구로구 개봉로11길 81,02-2688-0907
경동요양병원,서울시 동대문구 약령시로 124,02-964-5028
서울연희초등학교,서울시 서대문구 연희로  136,02-324-3072
한국성서대학교(B동강당),서울시 노원구 동일로214길 32,02-950-5401
봉영여자중학교,서울시 양천구 목동동로2길  68,02-2648-7123
면목5동공중화장실,서울시 중랑구 봉우재로 168-1,
번1동주민센터,서울시 강북구 덕릉로41길 74,02-901-2064
어린이집 ,서울시 마포구 신촌로20길  15,02-717-0254
드림성형외과,서울시 강남구 논현로  848,02-546-1616
덕원여고,서울시 강서구 강서로45길  91-44,02-2660-7800
KBS방송공사,서울시 영등포구 여의공원로 13,02-781-1582
관세청 서울본부세관,서울시 강남구 학동로 212,02-510-1114
푸른솔 몬테소리 어린이집,서울시 중랑구 봉화산로22길 14,02-963-5004
적십자 간호대학교,서울시 종로구 경교장길  8,02-3700-3600
숭곡중학교,서울시 성북구 종암로 208,02-912-7571
광희동청사,서울시 중구 동호로5길 19,
삼일초등학교,서울시 동작구 사당로23나길 27,02-3477-9473
고척고등학교,서울시 구로구 중앙로15길 162,02-2684-1593
한건이엔씨학원,서울시 동대문구 답십리로 255,02-2249-2989
수도여자고등학교,서울시 동작구 여의대방로10길 73,02-2102-3506
세명컴퓨터고등학교,서울시 은평구 통일로92가길 33,02-354-1321
서울여자중학교,서울시 마포구 백범로25길 34,02-715-5155
아이티 윌 정보처리학원(여삼빌딩),서울시 강남구 역삼로 404,02-6255-8017
성바오로병원,서울시 동대문구 왕산로 180,02-958-2114
상계4동치안센터,서울시 노원구 상계로35길 29,02-936-5519 
웅진 패스원 강남캠퍼스 학원(삼경빌딩),서울시 강남구 강남대로78길 12,02-2052-3595
서울대대학원연구동(3동),서울시 관악구 관악로  1,
늘해랑어린이집,서울시 중랑구 상봉로26길 32,02-437-3230
상계동문화정보도서관,서울시 노원구 동일로243길 57,02-3391-7882
한신대학교신학대학원,서울시 강북구 인수봉로  159,02-2125-0114
연세대학교 신종합관,서울시 서대문구 연세로  50,
양재1동주민센터,서울시 서초구 바우뫼로 41,02-2155-7871
세종대학교애지헌,서울시 광진구 동일로44길 9,02-3408-3114
금호아트홀,서울시 종로구 대명길 28,02-6303-1977
롯데시네마 홍대입구,서울시 마포구 양화로  176,1544-8855
ACE트윈타워2차,서울시 구로구 디지털로 273,
망우1동치안센터,서울시 중랑구 망우로77길 12,
오산고등학교,서울시 용산구 보광로7길 17,02-799-9500
영동병원,서울시 동대문구 한천로 4,02-469-0017
갈곡리어린이공원 화장실,서울시 은평구 갈현로41길  3,
신월4동주민센터(신월정보문화센터),서울시 양천구 오목로5길 34,02-2620-4110
라원어린이집,서울시 송파구 마천로7길 7,02-3402-0050
시립대학교우체국,서울시 동대문구 서울시립대로  163,02-2213-0630
서초동우체국,서울시 서초구 반포대로 99,
노유자시설(어린이집),서울시 동작구 상도로34가길 23,02-825-0152
이솝어린이집,서울시 강서구 화곡로41길 19,02-2606-3900
양화중학교,서울시 영등포구 당산로   56,02-2633-9284
한국우진학교,서울시 마포구 월드컵북로38길   21,02-300-3565
서울애화학교,서울시 강북구 솔매로52길 31,02-987-5161
국사봉중학교,서울시 동작구 양녕로20길 20,02-822-3615
교동초등학교,서울시 종로구 삼일대로 446,02-765-2884
양화초등학교,서울시 양천구 목동중앙북로16길 57,02-2646-3510
녹번리라어린이집,서울시 은평구 은평로21길  19-4,02-383-5363
공항지구대,서울시 강서구 방화동로  5,02-2662-0372
서울약사신협,서울시 관악구 남부순환로 1889,
우장산동주민센터,서울시 강서구 우현로  34,02-2600-7745
성내2동 주민센터,서울시 강동구 풍성로37가길 62,02-3425-7790
수유2동주민센터,서울시 강북구 한천로 1117,02-901-2104
상암동주민센터,서울시 마포구 매봉산로2길 16,02-3153-6950
연세노블병원,서울시 은평구 서오릉로  37,02-384-0009
상도동우체국,서울시 동작구 상도로 236,02-814-5634
총신대우체국,서울시 동작구 사당로 143,02-3479-0560
신암초등학교,서울시 강동구 올림픽로93길 33-16,02-3427-0351
서울영남초등학교,서울시 금천구 문성로  62-15,02-861-7147
여우별음악학원,서울시 중랑구 망우로 319,02-433-1251
영파여자중고등학교,서울시 송파구 올림픽로 565,02-470-7876
날아라정형외과,서울시 중랑구 용마산로 484,02-492-8275
블루스카이 보습학원(대치빌딩),서울시 강남구 남부순환로 2911-1,02-501-1631
화일초등학교,서울시 강서구 까치산로10길 70,02-2603-6502
즐거운어린이집,서울시 성동구 둘레15길   15-1,
가주초등학교,서울시 송파구 오금로40길 37,02-3401-0443
돈암초등학교,서울시 성북구 동소문로13길 38,02-928-2010
숭덕초등학교 ,서울시 성북구 정릉로  279,02-911-1761
중평초등학교,서울시 노원구 섬밭로 241,02-979-2388
천동초등학교,서울시 강동구 성안로  200,02-483-4445
키즈윌어린이집,서울시 동대문구 답십리로23나길 9,02-6227-7942
배화여자고등학교,서울시 종로구 필운대로1길 34,02-724-0300
샘물퐁퐁어린이집,서울시 은평구 불광로 137-13,02-358-8005
장학학원,서울시 송파구 동남로 227,02-400-7872
E&amp;C벤쳐드림타워6차,서울시 구로구 디지털로31길 41,
성동글로벌경영고등학교,서울시 중구 퇴계로90길 17,02-2252-1932
불광초등학교,서울시 은평구 불광로 51,02-355-1979
엔젤키즈어린이집,서울시 종로구 자하문로43길 4-13,02-379-5133
목운초등학교,서울시 양천구 목동동로 235,02-2061-5212
웰튼병원,서울시 강서구 강서로  318,02-2690-2000
동서울병원,서울시 동대문구 왕산로 18,02-928-7981
광화문우체국,서울시 종로구 종로 6,02-3703-9011
마포중학교,서울시 강서구 화곡로  403,02-3663-2591
오금초등학교,서울시 송파구 위례성대로22길 11,02-449-9903
조앤조병원,서울시 중랑구 망우로 474,02-433-3336~7
은평초등학교,서울시 은평구 은평로 239,02-355-2578
노동부남부지청,서울시 영등포구 선유로  120,02-2639-2100
양천구청,서울시 양천구 목동동로 105,02-2620-3114
역삼.삼성 세무서,서울시 강남구 언주로108길 20,02-3011-8200
불교TV,서울시 서초구 남부순환로  2265,02-3270-3300
SBS 미디어센터 ,서울시 마포구 상암산로  82,02-2113-9239
외국어학원 아름다운치과,서울시 강서구 공항대로41길 50,
아이젬산후조리원,서울시 은평구 서오릉로 82,
SBS서울방송국,서울시 양천구 목동서로 161,02-2061-0006
우신고등학교,서울시 구로구 부일로 917,02-2610-1518
좌월어린이공원 화장실,서울시 은평구 갈현로25길 11-8,
롯데시네마 누리꿈(상암),서울시 마포구 월드컵북로 396 누리꿈스퀘어빌딩 디지털파빌리온 4층,
봉화초등학교,서울시 중랑구 신내로15길  110,02-3421-0091
방화1동주민센터,서울시 강서구 방화동로  124-1,02-2600-7975
동양석판사옥 및 동양웨딩홀,서울시 영등포구 국회대로 535,
답비뇨기과,서울시 강동구 천호대로  1415,02-478-0100 
SMC서울메디칼센터(의원),서울시 마포구 월드컵북로  165,
유디치과의원,서울시 강동구 올림픽로 658,02-488-0220 
뉴연세 산후조리원,서울시 금천구 시흥대로71길 41,
염창주민센터,서울시 강서구 양천로67가길 63,02-2600-7335
IT캐슬2차,서울시 금천구 가산디지털1로 137,
전쟁기념관 평화의광장,서울시 용산구 용산동 1가 8번지 용산전쟁기념관내,
현대프라자(의원),서울시 양천구 중앙로32길 61,
잠신고등학교,서울시 송파구 잠실로 24,02-417-8770
서울대공학관,서울시 관악구 관악로  1,02-880-7008
은비어린이집,서울시 구로구 개봉로16가길  10-5,02-2619-6149
진선여고(증축),서울시 강남구 선릉로85길 27,02-2148-0410
강남 종로학원,서울시 강남구 역삼로 534,02-2051-1881
영락중학교,서울시 은평구 백련산로 134-6,02-388-4033
영훈고등학교,서울시 강북구 도봉로 13-19,02-988-0266
대방동주민센터,서울시 동작구 여의대방로44길 20,02-815-0226
서대문경찰서,서울시 서대문구 통일로  113,02-362-0112
백석학원,서울시 서초구 효령로  113,
상명초등학교,서울시 노원구 덕릉로 541,02-971-6214
마누호텔,서울시 중구 퇴계로  19,02-777-0100
베스트웨스턴 호텔국도,서울시 중구 을지로 164,02-6466-1234
머큐어 서울 앰배서더 강남 쏘도베,서울시 강남구 테헤란로25길 10,02-2050-6000
라마다 서울 호텔,서울시 강남구 봉은사로 410,02-6202-2000
코엑스 인터컨티넨탈 서울,서울시 강남구 봉은사로 524,02-3452-2500
서교동 관광호텔 ,서울시 마포구 양화로  112,
호텔Voll,서울시 강서구 강서로5나길  30,
이태원 IP호텔,서울시 용산구 이태원로 221,02-3702-8000
퍼시픽호텔,서울시 중구 퇴계로20길 2,02-777-7811
투비인관광호텔,서울시 강동구 천중로42길 75,02-470-2851
디아망호텔,서울시 강서구 남부순환로 190,02-2666-0157
호텔프리마,서울시 강남구 도산대로 536,02-6006-9114
프로비스타,서울시 서초구 서초대로 338,02-597-1140
테크노마트,서울시 광진구 광나루로56길 85 (구의동),
팰리스호털,서울시 서초구 사평대로  160,02-532-5000
녹스호텔,서울시 강남구 테헤란로37길 13-13,02-3454-1888
가야호텔,서울시 용산구 한강대로 253,02-798-5102
아모렉스 관광호텔,서울시 성동구 왕십리로20길 19,02-2292-7634
라마다 서울 동대문,서울시 중구 동호로 354,02-2276-3500
베스트웨스턴 프리미어 강남관광호텔,서울시 강남구 봉은사로 139,02-6474-2000
벨라지오 관광호텔,서울시 은평구 진흥로 205,02-354-0990
프레이저플레이스센트럴서울,서울시 중구 통일로 78,02-2220-8000
워커힐호텔 아카디아,서울시 광진구 워커힐로 177,02-455-5000
호텔엘루이,서울시 강남구 도산대로 551,02-514-3535
베스트웨스턴 서울 가든 호텔,서울시 마포구 마포대로 58,
프레지던트호텔,서울시 중구 을지로 16,02-753-3131
아카시아호텔,서울시 중구 동호로 360,02-2277-4917
홀리데이인서울성북,서울시 성북구 종암로 123,02-929-2000
그랜드하얏트호텔,서울시 용산구 소월로 322,02-797-1234
렉스관광호텔,서울시 강남구 강남대로 588,02-511-4488
삼성 딜라이트,서울시 서초구 서초2동1320-10,
호텔 다아너스티,서울시 강남구 봉은사로 125,02-540-3041
센터마크 호텔 ,서울시 종로구 인사동5길 38,02-731-1000
JJ호텔,서울시 성동구 자동차시장1길 29,02-2245-3355
웨스턴조선호텔,서울시 중구 소공로 106,02-771-0500
호텔리베라서울,서울시 강남구 영동대로 737,02-541-3111
강남관광정보센터,서울시 강남구 압구정동 428,
플라워관광호텔,서울시 동대문구 왕산로 269,02-962-8251
올림픽 파크텔,서울시 송파구 올림픽로 448,02-410-2114
쉐라톤워커힐호텔,서울시 광진구 워커힐로 177 (광장동),
나인트리호텔,서울시 중구 명동10길 55,02-750-0999
호텔 레이크,서울시 송파구 석촌호수로 216,02-422-1001
뉴서울호텔,서울시 중구 세종대로22길 16,02-735-9071
크라운관광호텔,서울시 용산구 녹사평대로  140,02-795-6466
스탠포드 호텔 코리아 ,서울시 마포구 월드컵북로58길 15,02-6016-0001
파크 하얏트 호텔 서울,서울시 강남구 테헤란로 606,02-2016-1234
바고관광호텔,서울시 강동구 천중로 27,02-478-2575
더리버사이드호텔,서울시 서초구 강남대로107길 6,02-6710-1100
스카이파크3,서울시 중구 퇴계로 139,02-577-3434
롯데시티호텔마포,서울시 마포구 마포대로 109,
롯데시티 호텔 김포공항,서울시 강서구 방화동 886,
해밀턴 호텔,서울시 용산구 이태원동 119-25,
용산전자상가,서울시 용산구 한강로3가 일대,
선샤인관광호텔,서울시 강남구 도산대로 205,02-541-1818
디지털 파빌리온,서울시 마포구 월드컵북로 396 누리꿈스퀘어빌딩 디지털파빌리온 4층,
베스트웨스턴 프리미어 구로호텔,서울시 구로구 디지털로32길 72,02-6905-9500
파레스호텔,서울시 중구 퇴계로8길 13,02-777-7738
호텔 라까사,서울시 강남구 도산대로1길 83,02-516-0066
칼튼호텔,서울시 강서구 화곡로  354-10,02-2604-9229
호텔예스,서울시 강서구 곰달래로  108,
R호텔,서울시 영등포구 경인로108길 12,02-2675-4800
써튼호텔 서울,서울시 종로구 청계천로 117,02-2260-6300
노보텔 앰배서더 서울 강남,서울시 강남구 봉은사로 130,02-567-1101
팝그린 관광호텔,서울시 강남구 압구정로 206,02-544-6623
임피리얼 팰리스,서울시 강남구 언주로 640,02-3440-8000
바빌론관광호텔,서울시 서초구 나루터로 64,02-544-1004
크라운이태원호텔,서울시 용산구 이태원동 34-69,
더엠호텔,서울시 마포구 월드컵북로 120,02-336-0001
호텔 그린 그래스,서울시 강남구 테헤란로63길 9,02-555-7575
워커힐호텔 컨벤션,서울시 광진구 워커힐로 177,
호텔 드어반,서울시 강서구 곰달래로24길 35,02-2602-6393
프레이저스위츠,서울시 종로구 인사동4길 18,02-6262-8888
프랑스 문화원,서울시 중구 봉래동1가 10 우리빌딩 18층,
한국의집,서울시 중구 청계천로 8,02-2266-9101
포스코미술관,테헤란로 440 포스코센터,02-3457-1665
서울대공원,경기도 과천시 대공원광장로 102,02-500-7335
서울대학교 미술관MOA,관악로 1,02-880-9504
전쟁기념관,이태원로 29,02-709-3139
소마미술관,올림픽로 424,02-425-1077
삼성미술관 리움,이태원로55길 60-16,02-2014-6900
암사동선사주거지,올림픽로 875 (암사동),02-3425-6520
창경궁,창경궁로 185,02-762-4868
푸른수목원,연동로 240,02-2686-3200
숙명여대 박물관,청파로47길 100 숙명여자대학교 내,02-710-9134
독립공원,통일로251,02-364-4686
월드컵공원,월드컵로 243-60,02-300-5500
어린이대공원,능동로 216,02-450-9311
창덕궁,율곡로 99,02-762-8261
몽촌역사관,올림픽로 424,02-2152-5900
국립중앙박물관,서빙고로 137,02-2077-9000
백범김구기념관,임정로 26,02-799-3400
영등포아트홀,국회대로 596 영등포구민회관,02-2670-4020
창동레지던시,덕릉로257,02-995-0995
경희궁,새문안로 55,02-724-0274
전기박물관,효령로72길 60 한전아트센터 내,02-2105-8190
서울올림픽기념관,올림픽로 448 올림픽회관 서울올림픽기념관,02-410-1354
안중근의사기념관,소월로 91,02-3789-1016
서울숲,뚝섬로 273,02-460-2905
서울시민 광나루안전체험관,능동로 238 (능동),02-2049-4061
윤봉길 의사 기념관,매헌로 99,02-557-9932
롯데월드 민속박물관,올림픽로 240,02-411-4761~5
서울시립미술관,덕수궁길 61(서소문동 37),02-2124-8800
한국은행 본관 (화폐금융박물관),남대문로 39,02-759-4881
양재시민의숲,매헌로 99,02-575-3895
경복궁,사직로 161,02-3700-3900
운현궁,삼일대로 464(운니동),02-766-9090
여의도공원,여의공원로 68,02-761-4078
보라매공원,여의대방로 20길 33,02-2181-1183
서울시립 남서울 미술관,남부순환로 2076,02-598-6247
덕수궁미술관,세종대로 99 국립현대미술관 덕수궁관,02-2022-0600
선유도공원,선유로 343,02-2631-9368
북서울꿈의숲,월계로 173,02-2289-4001
호림박물관(신사분관),도산대로 317,02-541-3523
예술의 전당 한가람미술관,남부순환로 2406,02-580-1300
신당창작아케이드,마장로 87 신당지하쇼핑센터(중앙시장 내),02-2232-8833
중랑캠핑숲,망우로 87길 110,02-434-4371
덕수궁,세종대로 99,02-771-9951
서대문형무소역사관,현저동 101,02-360-8584
손기정기념관,손기정로 101 손기정체육공원 內,02-364-1936
춘원당 한방박물관,돈화문로 9길 27,02-3672-2005
국립4.19민주묘지,4.19로8길 17,02-996-0419
